Well_ID,Region,Operator,Maintenance_Type,Shift,Equipment_Status,Weather_Condition,Alert_Level,Production_Date,Last_Maintenance_Date
W-001,Qatar,BP,Emergency,Night,Standby,Rainy,Low,2024-05-04,2022-10-13
W-002,Algeria,BP,Emergency,Day,Active,Sunny,Critical,2024-06-10,2023-10-28
W-003,North Sea,BP,Corrective,Day,Standby,Windy,Medium,2024-04-08,2023-10-04
W-004,Algeria,BP,Routine,Night,Standby,Sandstorm,Medium,2024-02-07,2023-02-25
W-005,Algeria,Chevron,Corrective,Night,Failure,Rainy,High,2023-01-20,2022-10-16
W-006,Texas,Chevron,Routine,Day,Standby,Sandstorm,Medium,2023-11-17,2022-10-09
W-007,North Sea,Shell,Routine,Day,Failure,Sandstorm,Critical,2023-01-23,2022-07-17
W-008,North Sea,TotalEnergies,Routine,Day,Active,Cloudy,Low,2024-04-29,2023-05-11
W-009,North Sea,BP,Corrective,Night,Standby,Cloudy,High,2023-07-12,2022-07-30
W-010,Algeria,Shell,Routine,Day,Active,Cloudy,Critical,2023-12-04,2023-02-25
W-011,Qatar,TotalEnergies,Corrective,Day,Standby,Rainy,Medium,2023-06-17,2023-03-29
W-012,North Sea,ExxonMobil,Emergency,Night,Active,Sandstorm,Medium,2024-04-14,2023-12-24
W-013,Algeria,Chevron,Emergency,Night,Standby,Sunny,Critical,2024-06-15,2022-10-22
W-014,Texas,TotalEnergies,Routine,Night,Standby,Windy,Low,2023-08-28,2023-06-10
W-015,Qatar,ExxonMobil,Corrective,Night,Standby,Cloudy,Low,2024-06-01,2023-03-12
W-016,Texas,TotalEnergies,Emergency,Night,Standby,Cloudy,High,2023-06-10,2023-04-06
W-017,Qatar,Chevron,Corrective,Day,Standby,Sandstorm,Medium,2023-11-17,2022-11-10
W-018,Algeria,Chevron,Corrective,Day,Standby,Sandstorm,Critical,2024-05-30,2022-06-03
W-019,Abu Dhabi,Shell,Routine,Night,Standby,Rainy,Low,2023-07-15,2022-09-06
W-020,Qatar,BP,Emergency,Night,Standby,Rainy,High,2024-07-26,2022-12-27
W-021,Texas,TotalEnergies,Routine,Night,Standby,Cloudy,Medium,2023-03-15,2022-12-07
W-022,Algeria,TotalEnergies,Routine,Night,Active,Sandstorm,Medium,2023-01-11,2022-12-10
W-023,Qatar,ExxonMobil,Emergency,Night,Failure,Sunny,High,2024-06-26,2023-07-14
W-024,Abu Dhabi,Chevron,Emergency,Day,Standby,Windy,High,2023-02-11,2022-11-27
W-025,Abu Dhabi,TotalEnergies,Corrective,Day,Failure,Sandstorm,Low,2024-08-18,2023-03-02
W-026,North Sea,Chevron,Emergency,Day,Standby,Sandstorm,Critical,2024-07-24,2022-07-28
W-027,North Sea,TotalEnergies,Corrective,Day,Standby,Rainy,Medium,2023-03-24,2023-02-18
W-028,Texas,Shell,Corrective,Night,Active,Windy,Critical,2023-11-19,2023-11-04
W-029,Qatar,BP,Corrective,Day,Active,Cloudy,Medium,2023-04-21,2023-03-09
W-030,Qatar,TotalEnergies,Emergency,Night,Failure,Sandstorm,Medium,2023-09-14,2023-07-04
W-031,North Sea,Chevron,Routine,Night,Active,Cloudy,Critical,2023-02-06,2022-09-13
W-032,Qatar,Shell,Corrective,Night,Active,Sandstorm,High,2023-05-15,2022-06-28
W-033,Qatar,TotalEnergies,Routine,Day,Failure,Cloudy,Low,2023-08-06,2023-05-14
W-034,Abu Dhabi,ExxonMobil,Routine,Night,Active,Windy,Medium,2023-09-21,2023-09-03
W-035,North Sea,BP,Emergency,Day,Standby,Rainy,High,2024-08-09,2022-09-15
W-036,Algeria,TotalEnergies,Routine,Day,Failure,Windy,Medium,2024-04-29,2022-06-05
W-037,North Sea,Shell,Routine,Night,Failure,Sunny,Low,2024-03-18,2023-09-27
W-038,Algeria,ExxonMobil,Emergency,Night,Standby,Rainy,Medium,2023-11-19,2022-07-17
W-039,Abu Dhabi,Shell,Corrective,Night,Active,Windy,Low,2024-05-18,2023-02-04
W-040,Texas,Shell,Routine,Day,Failure,Sunny,Low,2023-07-23,2023-07-13
W-041,Qatar,ExxonMobil,Emergency,Night,Failure,Sandstorm,Medium,2024-03-01,2022-10-21
W-042,Abu Dhabi,Shell,Routine,Day,Standby,Sandstorm,Medium,2024-08-19,2022-07-21
W-043,Qatar,ExxonMobil,Routine,Night,Standby,Cloudy,Low,2023-07-08,2023-04-30
W-044,Texas,TotalEnergies,Corrective,Night,Active,Rainy,High,2024-02-09,2023-06-14
W-045,Texas,ExxonMobil,Routine,Day,Failure,Sandstorm,Critical,2024-05-21,2024-01-15
W-046,Abu Dhabi,ExxonMobil,Emergency,Day,Active,Rainy,Low,2024-07-03,2022-12-24
W-047,Texas,BP,Routine,Day,Active,Sandstorm,Medium,2024-03-06,2022-07-08
W-048,Algeria,ExxonMobil,Corrective,Day,Standby,Cloudy,Medium,2023-06-20,2023-04-23
W-049,Texas,ExxonMobil,Corrective,Day,Failure,Windy,High,2023-07-15,2023-04-10
W-050,Qatar,TotalEnergies,Emergency,Day,Failure,Cloudy,Critical,2023-01-13,2022-10-06
W-051,Qatar,BP,Corrective,Night,Failure,Sunny,Low,2024-04-01,2023-09-13
W-052,Qatar,Chevron,Routine,Night,Standby,Sandstorm,Low,2023-01-26,2022-10-01
W-053,Qatar,TotalEnergies,Corrective,Day,Standby,Sunny,Critical,2024-06-02,2022-11-04
W-054,Algeria,TotalEnergies,Emergency,Night,Standby,Sunny,Low,2023-03-13,2022-07-26
W-055,North Sea,Chevron,Corrective,Day,Standby,Rainy,Critical,2023-04-14,2023-01-26
W-056,Abu Dhabi,ExxonMobil,Corrective,Night,Standby,Sandstorm,Medium,2023-10-13,2023-02-07
W-057,Qatar,Shell,Corrective,Night,Failure,Sunny,Critical,2024-03-18,2023-04-05
W-058,Texas,BP,Emergency,Day,Active,Windy,Low,2023-03-25,2023-01-24
W-059,Qatar,Shell,Corrective,Day,Failure,Sunny,Critical,2023-09-22,2023-07-15
W-060,Texas,Chevron,Corrective,Day,Active,Windy,High,2023-10-17,2022-08-22
W-061,Texas,TotalEnergies,Routine,Night,Standby,Rainy,Medium,2023-05-08,2022-07-03
W-062,Qatar,TotalEnergies,Emergency,Day,Active,Sunny,Medium,2023-03-11,2022-06-12
W-063,Algeria,BP,Corrective,Night,Failure,Cloudy,Critical,2024-05-16,2022-08-26
W-064,Texas,TotalEnergies,Emergency,Day,Failure,Rainy,Low,2023-10-29,2023-06-30
W-065,Texas,TotalEnergies,Corrective,Night,Active,Windy,High,2023-01-09,2022-10-22
W-066,Qatar,BP,Corrective,Night,Standby,Rainy,Medium,2024-04-26,2023-09-15
W-067,Texas,BP,Corrective,Day,Standby,Sunny,Medium,2024-08-11,2022-10-25
W-068,Texas,Chevron,Routine,Night,Failure,Sandstorm,Low,2023-12-30,2022-12-01
W-069,Qatar,TotalEnergies,Routine,Night,Active,Sandstorm,Low,2023-10-30,2023-03-17
W-070,Qatar,TotalEnergies,Routine,Day,Standby,Windy,High,2024-06-11,2022-07-08
W-071,Abu Dhabi,Chevron,Emergency,Night,Standby,Windy,Critical,2024-07-25,2023-06-02
W-072,Algeria,ExxonMobil,Emergency,Day,Failure,Sandstorm,Low,2024-03-28,2024-01-12
W-073,Algeria,ExxonMobil,Routine,Day,Standby,Windy,Critical,2023-09-25,2023-01-03
W-074,Texas,ExxonMobil,Emergency,Day,Active,Rainy,High,2023-12-22,2023-08-26
W-075,Algeria,Chevron,Corrective,Day,Failure,Cloudy,Critical,2024-02-25,2023-03-28
W-076,Texas,TotalEnergies,Corrective,Night,Failure,Cloudy,Medium,2023-04-27,2022-08-16
W-077,Abu Dhabi,Chevron,Corrective,Night,Active,Rainy,Critical,2023-09-26,2023-05-16
W-078,Qatar,Chevron,Routine,Night,Failure,Cloudy,High,2024-05-12,2022-11-27
W-079,Qatar,ExxonMobil,Emergency,Day,Standby,Sunny,High,2024-01-28,2022-06-21
W-080,Qatar,Shell,Routine,Night,Standby,Rainy,High,2023-09-04,2023-06-16
W-081,Algeria,TotalEnergies,Emergency,Night,Active,Windy,Critical,2024-02-03,2023-10-29
W-082,Abu Dhabi,ExxonMobil,Corrective,Day,Standby,Rainy,Medium,2023-03-12,2022-12-24
W-083,Algeria,Shell,Routine,Day,Active,Sandstorm,Low,2023-08-29,2023-01-21
W-084,Algeria,Shell,Emergency,Night,Active,Windy,Medium,2024-04-20,2023-11-17
W-085,Abu Dhabi,BP,Emergency,Day,Standby,Sandstorm,Critical,2023-05-13,2023-03-28
W-086,Abu Dhabi,TotalEnergies,Corrective,Day,Active,Windy,Critical,2023-04-22,2023-03-13
W-087,Abu Dhabi,Shell,Routine,Day,Standby,Cloudy,Low,2024-07-24,2022-10-28
W-088,Abu Dhabi,ExxonMobil,Routine,Day,Failure,Rainy,Critical,2023-05-06,2023-03-17
W-089,Qatar,BP,Routine,Night,Failure,Sunny,High,2023-06-06,2022-09-01
W-090,North Sea,TotalEnergies,Corrective,Day,Active,Windy,High,2024-08-04,2023-06-12
W-091,North Sea,Chevron,Routine,Day,Standby,Windy,High,2024-03-16,2022-06-18
W-092,Abu Dhabi,ExxonMobil,Corrective,Day,Standby,Sandstorm,High,2024-02-24,2023-06-22
W-093,North Sea,Shell,Corrective,Day,Failure,Cloudy,High,2024-05-26,2022-11-14
W-094,North Sea,Shell,Corrective,Day,Failure,Sandstorm,Critical,2023-03-11,2023-02-25
W-095,Abu Dhabi,ExxonMobil,Emergency,Day,Standby,Sandstorm,Low,2024-02-28,2022-12-25
W-096,North Sea,Shell,Routine,Day,Active,Cloudy,Low,2023-10-30,2022-09-12
W-097,Algeria,BP,Routine,Day,Failure,Sunny,High,2024-05-12,2023-06-09
W-098,Texas,TotalEnergies,Corrective,Night,Active,Sandstorm,Critical,2023-11-01,2023-08-22
W-099,Texas,BP,Corrective,Day,Active,Sandstorm,Medium,2024-01-08,2023-12-28
W-100,Abu Dhabi,Shell,Routine,Night,Failure,Windy,Medium,2023-10-14,2022-09-24
W-101,Qatar,Chevron,Corrective,Day,Active,Cloudy,Critical,2023-10-14,2023-08-05
W-102,Abu Dhabi,TotalEnergies,Routine,Day,Active,Rainy,High,2024-04-05,2023-07-04
W-103,Qatar,TotalEnergies,Emergency,Day,Standby,Sunny,Low,2024-01-13,2022-12-24
W-104,Texas,ExxonMobil,Corrective,Day,Active,Sunny,Critical,2024-01-15,2022-06-12
W-105,Abu Dhabi,ExxonMobil,Routine,Night,Standby,Cloudy,Medium,2023-09-28,2023-07-19
W-106,Algeria,Chevron,Corrective,Day,Failure,Windy,Medium,2023-11-15,2023-09-09
W-107,North Sea,TotalEnergies,Routine,Day,Failure,Windy,Medium,2024-03-23,2023-06-15
W-108,Qatar,Chevron,Routine,Night,Standby,Cloudy,High,2024-05-10,2023-02-17
W-109,North Sea,ExxonMobil,Corrective,Night,Failure,Windy,Medium,2024-02-22,2023-04-12
W-110,North Sea,ExxonMobil,Emergency,Day,Active,Sunny,Critical,2024-07-08,2022-09-28
W-111,Abu Dhabi,TotalEnergies,Routine,Night,Active,Sunny,Critical,2024-05-07,2023-08-25
W-112,North Sea,BP,Routine,Night,Active,Rainy,Medium,2023-12-04,2023-08-22
W-113,Algeria,Shell,Routine,Night,Failure,Cloudy,Critical,2024-02-07,2022-08-27
W-114,North Sea,ExxonMobil,Emergency,Day,Active,Sandstorm,Medium,2024-07-09,2023-11-09
W-115,Abu Dhabi,ExxonMobil,Emergency,Day,Failure,Sandstorm,Medium,2024-01-07,2022-11-09
W-116,Algeria,BP,Corrective,Day,Active,Rainy,Low,2024-05-09,2024-01-11
W-117,Texas,BP,Emergency,Night,Standby,Rainy,High,2024-02-18,2023-01-16
W-118,North Sea,Chevron,Corrective,Day,Failure,Windy,High,2023-11-28,2022-09-15
W-119,Abu Dhabi,Chevron,Corrective,Night,Failure,Rainy,Low,2023-05-26,2022-12-29
W-120,Texas,Shell,Emergency,Day,Active,Rainy,Low,2023-09-13,2023-02-20
W-121,Texas,Shell,Corrective,Day,Failure,Sandstorm,High,2024-08-03,2022-07-12
W-122,Qatar,TotalEnergies,Emergency,Night,Failure,Windy,Medium,2024-01-30,2023-05-13
W-123,Algeria,Chevron,Corrective,Day,Standby,Rainy,Medium,2023-12-05,2023-05-25
W-124,North Sea,ExxonMobil,Emergency,Night,Standby,Rainy,High,2024-07-13,2023-08-18
W-125,Abu Dhabi,Chevron,Emergency,Night,Active,Windy,Medium,2023-12-18,2022-06-18
W-126,Qatar,ExxonMobil,Corrective,Day,Standby,Cloudy,Low,2023-11-12,2023-04-21
W-127,Algeria,BP,Routine,Night,Active,Windy,Medium,2024-03-31,2022-07-02
W-128,Qatar,Chevron,Corrective,Day,Active,Sandstorm,Medium,2024-03-03,2023-07-26
W-129,Algeria,BP,Emergency,Day,Active,Cloudy,Critical,2023-04-26,2022-07-04
W-130,Algeria,Shell,Routine,Night,Failure,Sunny,Critical,2023-10-10,2023-09-17
W-131,North Sea,Shell,Corrective,Day,Standby,Windy,Critical,2023-10-11,2023-07-27
W-132,Algeria,TotalEnergies,Corrective,Night,Active,Sandstorm,Medium,2023-08-15,2023-04-01
W-133,Qatar,Chevron,Corrective,Day,Standby,Cloudy,High,2023-11-07,2023-02-20
W-134,Algeria,BP,Routine,Day,Active,Windy,Low,2023-09-05,2022-08-18
W-135,North Sea,ExxonMobil,Emergency,Day,Standby,Rainy,Medium,2023-04-30,2022-11-22
W-136,North Sea,Shell,Corrective,Day,Standby,Windy,High,2023-09-05,2023-07-22
W-137,Qatar,Shell,Corrective,Day,Active,Sunny,Medium,2023-02-13,2022-12-30
W-138,Texas,ExxonMobil,Corrective,Night,Failure,Windy,Low,2023-12-12,2022-06-01
W-139,Texas,BP,Corrective,Night,Standby,Cloudy,Medium,2024-05-27,2023-05-23
W-140,Algeria,BP,Corrective,Night,Failure,Cloudy,Low,2024-03-11,2023-08-06
W-141,Abu Dhabi,Chevron,Emergency,Night,Failure,Windy,Medium,2023-08-05,2023-06-07
W-142,Algeria,Chevron,Emergency,Night,Active,Cloudy,Low,2023-02-22,2022-07-20
W-143,Qatar,TotalEnergies,Corrective,Night,Active,Rainy,Medium,2023-05-02,2022-10-09
W-144,Qatar,Shell,Routine,Day,Active,Windy,Low,2023-11-24,2022-10-29
W-145,Qatar,Chevron,Emergency,Day,Standby,Rainy,Critical,2023-05-05,2023-02-06
W-146,Qatar,BP,Routine,Night,Active,Rainy,Medium,2023-11-23,2023-03-05
W-147,Qatar,ExxonMobil,Emergency,Night,Active,Sandstorm,Medium,2023-05-19,2023-03-20
W-148,North Sea,BP,Corrective,Day,Standby,Windy,High,2024-05-24,2023-12-13
W-149,Texas,Shell,Emergency,Day,Standby,Cloudy,High,2023-08-27,2023-06-18
W-150,Qatar,BP,Corrective,Day,Active,Rainy,Low,2023-05-28,2023-05-11
W-151,Abu Dhabi,TotalEnergies,Emergency,Night,Active,Sandstorm,Medium,2024-05-02,2023-03-01
W-152,Abu Dhabi,Shell,Corrective,Night,Active,Windy,Low,2023-07-25,2022-08-29
W-153,Abu Dhabi,ExxonMobil,Corrective,Night,Active,Windy,Critical,2023-03-08,2023-02-01
W-154,Abu Dhabi,TotalEnergies,Corrective,Day,Failure,Sunny,High,2023-12-09,2023-03-03
W-155,North Sea,Shell,Corrective,Day,Failure,Sunny,Low,2023-12-15,2022-09-17
W-156,Abu Dhabi,ExxonMobil,Routine,Night,Active,Rainy,Low,2024-03-04,2022-11-29
W-157,Qatar,TotalEnergies,Corrective,Night,Failure,Sunny,High,2023-05-25,2022-07-01
W-158,Algeria,TotalEnergies,Routine,Day,Standby,Rainy,Medium,2023-09-24,2023-03-08
W-159,Abu Dhabi,Shell,Routine,Day,Failure,Cloudy,Low,2023-06-19,2023-05-05
W-160,North Sea,Chevron,Corrective,Day,Failure,Rainy,High,2023-02-18,2022-12-23
W-161,North Sea,TotalEnergies,Routine,Day,Active,Sunny,Medium,2024-06-09,2023-12-12
W-162,Abu Dhabi,TotalEnergies,Emergency,Night,Failure,Cloudy,Critical,2024-03-13,2022-08-15
W-163,Algeria,ExxonMobil,Corrective,Day,Failure,Sunny,High,2023-06-30,2023-01-16
W-164,Abu Dhabi,BP,Routine,Day,Failure,Rainy,Low,2023-12-26,2022-06-17
W-165,North Sea,Shell,Corrective,Day,Failure,Sandstorm,Critical,2023-05-01,2023-01-27
W-166,Texas,Shell,Corrective,Night,Standby,Windy,Medium,2024-06-18,2023-01-02
W-167,Qatar,Chevron,Corrective,Night,Active,Sunny,Medium,2023-03-10,2023-02-01
W-168,North Sea,Chevron,Routine,Day,Active,Rainy,High,2023-01-03,2022-10-18
W-169,Abu Dhabi,Shell,Emergency,Day,Standby,Cloudy,High,2023-10-29,2023-02-13
W-170,Qatar,Chevron,Emergency,Day,Failure,Sunny,High,2023-12-16,2022-12-01
W-171,Abu Dhabi,ExxonMobil,Routine,Night,Standby,Sunny,Medium,2023-12-14,2023-10-04
W-172,Abu Dhabi,Shell,Corrective,Night,Failure,Windy,Critical,2023-02-02,2022-11-05
W-173,Texas,Chevron,Routine,Night,Standby,Rainy,Medium,2023-07-08,2022-11-21
W-174,Qatar,Shell,Routine,Day,Active,Sandstorm,Low,2023-10-27,2023-03-15
W-175,Qatar,BP,Routine,Night,Active,Cloudy,Medium,2023-05-10,2023-02-04
W-176,Texas,TotalEnergies,Corrective,Day,Active,Rainy,Low,2024-06-07,2022-06-03
W-177,North Sea,Shell,Routine,Day,Failure,Cloudy,Critical,2023-02-22,2023-02-03
W-178,Abu Dhabi,TotalEnergies,Corrective,Day,Failure,Sunny,High,2023-10-20,2022-07-31
W-179,Algeria,Chevron,Routine,Night,Standby,Windy,High,2024-02-19,2023-04-02
W-180,Abu Dhabi,TotalEnergies,Emergency,Day,Standby,Windy,Medium,2023-06-07,2022-06-15
W-181,Abu Dhabi,Shell,Routine,Night,Active,Sandstorm,High,2024-01-10,2023-01-31
W-182,North Sea,BP,Routine,Night,Failure,Windy,Critical,2024-05-12,2022-10-11
W-183,Abu Dhabi,Chevron,Emergency,Day,Standby,Sunny,High,2023-04-25,2023-04-16
W-184,Texas,Shell,Corrective,Day,Failure,Sandstorm,Medium,2024-07-04,2024-01-19
W-185,Texas,Chevron,Corrective,Night,Failure,Rainy,Critical,2023-11-29,2023-09-24
W-186,Qatar,ExxonMobil,Routine,Day,Active,Windy,Low,2023-06-29,2023-04-05
W-187,Algeria,TotalEnergies,Emergency,Night,Active,Sandstorm,Medium,2023-09-16,2023-06-17
W-188,Abu Dhabi,ExxonMobil,Corrective,Day,Failure,Sunny,Low,2023-07-07,2022-06-25
W-189,Abu Dhabi,Shell,Routine,Night,Failure,Cloudy,Critical,2024-03-11,2022-10-03
W-190,North Sea,BP,Emergency,Night,Failure,Cloudy,Medium,2024-04-22,2023-12-08
W-191,Texas,Chevron,Corrective,Night,Failure,Sunny,Medium,2024-05-14,2023-01-06
W-192,Algeria,TotalEnergies,Corrective,Night,Active,Sunny,Critical,2024-08-14,2022-08-02
W-193,Qatar,Chevron,Emergency,Day,Standby,Cloudy,High,2024-04-19,2023-07-27
W-194,Texas,Shell,Emergency,Day,Active,Sandstorm,Medium,2023-12-27,2022-11-27
W-195,Qatar,Chevron,Emergency,Night,Standby,Cloudy,Medium,2023-07-23,2022-11-09
W-196,North Sea,TotalEnergies,Emergency,Night,Failure,Sunny,Low,2023-11-23,2023-08-26
W-197,North Sea,Shell,Routine,Day,Standby,Windy,High,2023-01-25,2022-11-26
W-198,Abu Dhabi,Chevron,Emergency,Day,Active,Rainy,Low,2024-03-22,2023-01-31
W-199,Algeria,BP,Corrective,Day,Active,Windy,Low,2023-09-25,2023-08-05
W-200,Qatar,Shell,Corrective,Day,Failure,Windy,High,2023-01-13,2022-12-06
W-201,Texas,Shell,Routine,Day,Active,Sunny,High,2023-02-07,2022-11-08
W-202,North Sea,BP,Corrective,Day,Failure,Cloudy,Critical,2023-08-21,2022-06-19
W-203,Abu Dhabi,ExxonMobil,Corrective,Night,Active,Sandstorm,High,2023-12-17,2022-08-12
W-204,Abu Dhabi,TotalEnergies,Emergency,Day,Active,Windy,Medium,2023-10-06,2023-06-15
W-205,Qatar,ExxonMobil,Corrective,Day,Failure,Cloudy,High,2024-01-07,2023-11-22
W-206,North Sea,Chevron,Routine,Night,Standby,Sandstorm,Critical,2023-10-16,2023-06-10
W-207,Algeria,BP,Emergency,Day,Active,Windy,Critical,2024-02-02,2022-08-20
W-208,North Sea,ExxonMobil,Emergency,Day,Standby,Sandstorm,Critical,2023-05-12,2022-08-09
W-209,Qatar,Shell,Routine,Day,Active,Cloudy,High,2023-03-09,2023-02-18
W-210,Qatar,Chevron,Emergency,Day,Active,Rainy,High,2023-12-24,2022-08-23
W-211,North Sea,Chevron,Emergency,Day,Active,Cloudy,Low,2023-10-18,2023-04-09
W-212,Qatar,ExxonMobil,Routine,Night,Active,Sunny,Low,2023-01-17,2022-06-23
W-213,North Sea,ExxonMobil,Emergency,Day,Standby,Sandstorm,Medium,2023-08-17,2022-07-19
W-214,Texas,BP,Routine,Night,Standby,Rainy,Low,2023-03-05,2023-01-16
W-215,North Sea,TotalEnergies,Routine,Night,Active,Sandstorm,Medium,2023-11-15,2023-07-19
W-216,North Sea,ExxonMobil,Corrective,Day,Active,Sandstorm,Critical,2023-08-26,2022-12-22
W-217,Qatar,ExxonMobil,Corrective,Night,Standby,Windy,Low,2024-01-03,2022-10-08
W-218,Qatar,Shell,Emergency,Day,Failure,Sunny,High,2024-04-28,2023-10-02
W-219,Abu Dhabi,Chevron,Emergency,Night,Failure,Sandstorm,Low,2023-06-29,2022-10-09
W-220,Abu Dhabi,TotalEnergies,Routine,Night,Standby,Cloudy,Medium,2024-07-31,2023-04-22
W-221,Texas,Shell,Emergency,Day,Active,Cloudy,Low,2023-11-18,2023-08-19
W-222,Abu Dhabi,BP,Routine,Day,Active,Windy,Critical,2024-01-06,2022-08-28
W-223,North Sea,BP,Routine,Day,Failure,Sunny,High,2024-02-13,2023-12-17
W-224,Qatar,ExxonMobil,Emergency,Day,Failure,Sunny,Medium,2024-02-05,2022-09-18
W-225,Abu Dhabi,ExxonMobil,Routine,Day,Standby,Cloudy,High,2023-11-03,2023-05-07
W-226,Abu Dhabi,BP,Corrective,Night,Failure,Rainy,High,2023-09-15,2023-01-13
W-227,Texas,ExxonMobil,Emergency,Night,Standby,Windy,Medium,2023-02-02,2023-01-23
W-228,Texas,TotalEnergies,Corrective,Night,Failure,Windy,High,2023-01-14,2022-11-12
W-229,North Sea,ExxonMobil,Emergency,Night,Failure,Cloudy,High,2023-08-03,2023-01-26
W-230,Qatar,Chevron,Routine,Night,Failure,Cloudy,Low,2023-07-20,2023-06-02
W-231,Texas,ExxonMobil,Emergency,Night,Active,Rainy,High,2023-08-21,2023-04-18
W-232,Abu Dhabi,Shell,Corrective,Night,Active,Rainy,High,2023-03-25,2023-02-23
W-233,Qatar,TotalEnergies,Routine,Day,Active,Sunny,High,2024-03-18,2022-11-02
W-234,Qatar,Shell,Emergency,Day,Failure,Windy,High,2024-05-29,2023-07-26
W-235,Abu Dhabi,Shell,Emergency,Night,Standby,Windy,Medium,2024-07-17,2022-06-09
W-236,Texas,Chevron,Emergency,Night,Standby,Cloudy,Critical,2023-10-23,2022-06-30
W-237,Abu Dhabi,TotalEnergies,Corrective,Day,Standby,Sunny,Low,2024-02-25,2023-05-26
W-238,Qatar,TotalEnergies,Corrective,Day,Standby,Windy,High,2024-05-28,2022-12-23
W-239,Algeria,TotalEnergies,Emergency,Day,Active,Sunny,High,2023-09-08,2023-06-26
W-240,Algeria,TotalEnergies,Routine,Day,Active,Sunny,Medium,2023-07-05,2023-06-11
W-241,North Sea,TotalEnergies,Routine,Night,Failure,Cloudy,Critical,2024-07-16,2023-08-03
W-242,Abu Dhabi,Chevron,Corrective,Day,Failure,Sunny,High,2023-11-06,2023-10-04
W-243,Abu Dhabi,ExxonMobil,Routine,Night,Standby,Rainy,Medium,2023-10-26,2023-07-06
W-244,North Sea,Shell,Corrective,Night,Active,Rainy,Low,2023-04-18,2022-08-15
W-245,North Sea,TotalEnergies,Emergency,Night,Standby,Sandstorm,Low,2023-03-06,2023-02-21
W-246,North Sea,ExxonMobil,Corrective,Day,Failure,Cloudy,High,2024-05-20,2022-10-05
W-247,Qatar,ExxonMobil,Corrective,Day,Failure,Sandstorm,High,2024-01-04,2022-12-12
W-248,Abu Dhabi,Shell,Emergency,Night,Standby,Rainy,Critical,2023-07-15,2023-05-07
W-249,Qatar,Chevron,Routine,Night,Failure,Sandstorm,Critical,2023-04-26,2023-04-18
W-250,North Sea,BP,Corrective,Night,Standby,Cloudy,High,2023-11-30,2023-10-29
W-251,Abu Dhabi,BP,Corrective,Day,Active,Cloudy,Medium,2023-12-17,2022-10-06
W-252,Qatar,ExxonMobil,Emergency,Night,Standby,Sunny,Critical,2023-05-05,2023-02-24
W-253,Qatar,Shell,Routine,Day,Active,Windy,High,2024-05-25,2022-07-21
W-254,North Sea,BP,Corrective,Night,Active,Sunny,Critical,2023-02-20,2023-01-22
W-255,Abu Dhabi,ExxonMobil,Emergency,Night,Failure,Cloudy,High,2023-08-02,2023-07-14
W-256,North Sea,Chevron,Corrective,Night,Failure,Rainy,Low,2024-02-13,2023-05-17
W-257,Abu Dhabi,BP,Emergency,Day,Failure,Rainy,High,2023-06-14,2022-11-07
W-258,Algeria,ExxonMobil,Routine,Day,Standby,Sunny,Low,2024-05-11,2022-06-19
W-259,Texas,ExxonMobil,Routine,Night,Standby,Cloudy,Critical,2024-03-19,2022-08-11
W-260,Texas,TotalEnergies,Routine,Day,Failure,Rainy,High,2024-04-18,2023-06-09
W-261,Texas,Chevron,Routine,Night,Standby,Cloudy,Critical,2023-03-13,2022-12-07
W-262,North Sea,TotalEnergies,Corrective,Day,Failure,Rainy,Low,2023-03-26,2022-10-02
W-263,Algeria,Shell,Corrective,Day,Standby,Cloudy,High,2023-06-21,2023-05-09
W-264,Abu Dhabi,TotalEnergies,Routine,Day,Active,Sandstorm,Critical,2023-11-07,2023-11-02
W-265,Qatar,TotalEnergies,Routine,Night,Active,Cloudy,Low,2024-03-24,2023-04-09
W-266,Abu Dhabi,BP,Routine,Day,Failure,Cloudy,Critical,2024-05-16,2023-07-07
W-267,Qatar,ExxonMobil,Corrective,Day,Standby,Sunny,Medium,2024-02-27,2023-10-03
W-268,Abu Dhabi,Chevron,Routine,Night,Standby,Sandstorm,Low,2024-07-11,2022-11-04
W-269,Algeria,TotalEnergies,Routine,Night,Active,Windy,Low,2024-03-19,2022-11-26
W-270,Qatar,Chevron,Routine,Night,Active,Sunny,Low,2023-07-03,2022-06-01
W-271,North Sea,TotalEnergies,Emergency,Night,Failure,Windy,High,2023-06-09,2023-04-13
W-272,Abu Dhabi,Shell,Routine,Day,Active,Rainy,High,2024-02-22,2023-12-03
W-273,Abu Dhabi,TotalEnergies,Emergency,Day,Failure,Windy,High,2023-04-26,2023-03-15
W-274,Qatar,BP,Emergency,Day,Active,Cloudy,Medium,2023-02-25,2022-07-18
W-275,North Sea,ExxonMobil,Routine,Day,Active,Windy,Medium,2023-11-16,2023-02-24
W-276,North Sea,Shell,Emergency,Day,Standby,Sunny,Low,2024-05-07,2022-08-01
W-277,Algeria,TotalEnergies,Routine,Night,Active,Sunny,Medium,2023-03-02,2022-06-10
W-278,North Sea,Chevron,Corrective,Day,Active,Windy,Critical,2024-04-20,2023-06-05
W-279,North Sea,Shell,Corrective,Day,Failure,Sunny,Low,2024-05-01,2023-12-29
W-280,North Sea,Shell,Corrective,Day,Active,Sunny,Low,2023-10-17,2023-08-08
W-281,Texas,TotalEnergies,Corrective,Night,Failure,Windy,Critical,2023-02-04,2023-01-16
W-282,Algeria,Shell,Emergency,Night,Active,Sandstorm,Low,2023-04-15,2022-07-28
W-283,Abu Dhabi,Chevron,Routine,Day,Active,Sandstorm,Medium,2024-02-29,2022-11-12
W-284,Qatar,Shell,Routine,Night,Failure,Rainy,High,2024-03-03,2022-12-10
W-285,Abu Dhabi,Chevron,Routine,Night,Standby,Sunny,Critical,2024-06-23,2023-09-01
W-286,Algeria,TotalEnergies,Corrective,Night,Failure,Windy,Medium,2023-12-16,2023-09-25
W-287,Qatar,ExxonMobil,Corrective,Night,Failure,Sunny,Critical,2023-03-16,2023-01-18
W-288,Algeria,Shell,Routine,Night,Failure,Cloudy,Critical,2023-03-14,2023-02-06
W-289,North Sea,ExxonMobil,Corrective,Night,Standby,Sunny,Low,2024-03-08,2022-06-27
W-290,Qatar,Chevron,Routine,Night,Active,Sunny,Low,2023-04-21,2022-11-21
W-291,North Sea,Shell,Routine,Day,Failure,Sandstorm,Medium,2023-07-17,2023-02-26
W-292,Abu Dhabi,BP,Routine,Day,Failure,Windy,Critical,2023-10-20,2022-08-10
W-293,Abu Dhabi,ExxonMobil,Routine,Night,Standby,Sunny,Low,2023-01-15,2022-11-13
W-294,Qatar,Shell,Routine,Day,Failure,Sandstorm,Low,2023-05-30,2023-02-26
W-295,Qatar,ExxonMobil,Routine,Day,Active,Rainy,Critical,2023-09-02,2023-05-15
W-296,Algeria,Shell,Routine,Night,Standby,Sandstorm,Medium,2023-06-17,2022-07-18
W-297,Algeria,TotalEnergies,Corrective,Day,Active,Sandstorm,Medium,2023-03-23,2022-09-24
W-298,North Sea,ExxonMobil,Routine,Night,Active,Sandstorm,Critical,2024-03-12,2023-03-12
W-299,Qatar,BP,Routine,Night,Standby,Sunny,Medium,2024-05-02,2023-01-03
W-300,Abu Dhabi,BP,Corrective,Night,Failure,Sunny,Low,2023-06-04,2023-01-02
W-301,Algeria,Chevron,Corrective,Day,Active,Rainy,Critical,2024-04-09,2023-04-14
W-302,Algeria,Shell,Corrective,Day,Active,Cloudy,Low,2023-08-20,2023-05-17
W-303,Abu Dhabi,ExxonMobil,Routine,Day,Active,Cloudy,High,2023-11-01,2023-09-22
W-304,Algeria,Chevron,Emergency,Day,Active,Cloudy,High,2024-05-28,2022-12-22
W-305,North Sea,ExxonMobil,Emergency,Night,Standby,Rainy,Medium,2024-03-25,2023-09-27
W-306,Qatar,Shell,Corrective,Night,Standby,Cloudy,High,2024-04-28,2022-12-21
W-307,Abu Dhabi,BP,Emergency,Day,Active,Cloudy,Low,2023-03-24,2022-07-04
W-308,Qatar,TotalEnergies,Corrective,Night,Failure,Sandstorm,High,2023-02-11,2022-11-29
W-309,Algeria,BP,Routine,Night,Active,Sunny,Low,2024-06-20,2023-05-19
W-310,Algeria,Chevron,Emergency,Day,Failure,Sunny,Medium,2023-08-21,2023-05-27
W-311,Abu Dhabi,TotalEnergies,Routine,Night,Active,Sandstorm,Medium,2023-06-22,2023-06-12
W-312,North Sea,Chevron,Emergency,Day,Failure,Sandstorm,Low,2024-03-10,2023-12-03
W-313,Texas,Shell,Routine,Night,Active,Sandstorm,High,2024-05-16,2023-11-28
W-314,Abu Dhabi,TotalEnergies,Emergency,Day,Failure,Sunny,Medium,2024-06-01,2023-05-29
W-315,Texas,Chevron,Routine,Night,Active,Cloudy,Critical,2023-07-09,2023-04-13
W-316,Texas,Shell,Routine,Night,Active,Sandstorm,Medium,2024-05-26,2023-05-01
W-317,North Sea,BP,Emergency,Day,Failure,Rainy,High,2023-01-25,2023-01-11
W-318,Texas,Shell,Routine,Day,Standby,Sandstorm,Critical,2023-01-30,2022-11-02
W-319,Texas,ExxonMobil,Routine,Day,Failure,Windy,High,2024-01-10,2022-08-03
W-320,North Sea,Shell,Routine,Day,Standby,Sandstorm,Low,2023-02-07,2023-01-14
W-321,Texas,Shell,Emergency,Night,Active,Sunny,Critical,2023-07-14,2022-09-11
W-322,Texas,ExxonMobil,Emergency,Night,Failure,Sandstorm,High,2024-02-08,2023-02-24
W-323,Texas,Chevron,Routine,Day,Failure,Windy,Critical,2023-07-22,2022-10-05
W-324,Abu Dhabi,Chevron,Routine,Night,Failure,Rainy,High,2023-04-18,2023-03-12
W-325,Abu Dhabi,Shell,Emergency,Day,Standby,Cloudy,Critical,2023-06-18,2023-05-17
W-326,Abu Dhabi,ExxonMobil,Emergency,Day,Standby,Sandstorm,High,2023-10-02,2022-11-22
W-327,North Sea,ExxonMobil,Routine,Night,Active,Windy,Low,2023-10-13,2022-07-20
W-328,Algeria,BP,Routine,Night,Standby,Windy,Critical,2024-04-14,2022-11-27
W-329,Texas,Chevron,Routine,Day,Standby,Rainy,Critical,2024-03-26,2023-07-09
W-330,Texas,TotalEnergies,Corrective,Day,Active,Sunny,Critical,2023-10-02,2022-12-15
W-331,North Sea,Chevron,Emergency,Day,Failure,Sandstorm,Critical,2024-05-22,2022-11-14
W-332,Texas,Chevron,Corrective,Night,Failure,Windy,Low,2023-03-10,2022-09-19
W-333,Abu Dhabi,BP,Emergency,Night,Active,Rainy,Critical,2023-06-03,2023-03-26
W-334,Algeria,TotalEnergies,Emergency,Night,Failure,Cloudy,Medium,2024-05-11,2022-11-13
W-335,Qatar,BP,Emergency,Night,Standby,Windy,Low,2023-08-15,2023-08-13
W-336,Texas,TotalEnergies,Emergency,Day,Active,Rainy,Medium,2024-08-11,2022-07-16
W-337,Abu Dhabi,Shell,Emergency,Day,Active,Sunny,Critical,2023-10-07,2023-07-04
W-338,Qatar,TotalEnergies,Emergency,Day,Active,Sunny,High,2024-04-20,2022-10-21
W-339,Algeria,BP,Emergency,Day,Failure,Windy,Medium,2023-08-30,2023-03-21
W-340,Qatar,Chevron,Corrective,Day,Active,Windy,Critical,2023-09-12,2022-11-19
W-341,Abu Dhabi,TotalEnergies,Routine,Day,Active,Sandstorm,Medium,2023-08-18,2023-08-08
W-342,Qatar,TotalEnergies,Routine,Night,Active,Rainy,Critical,2024-03-07,2023-12-20
W-343,North Sea,ExxonMobil,Corrective,Night,Failure,Windy,Critical,2023-11-25,2023-10-30
W-344,Qatar,Chevron,Corrective,Day,Standby,Sandstorm,Critical,2024-07-20,2023-05-17
W-345,Texas,Shell,Corrective,Day,Active,Sandstorm,High,2023-05-31,2023-03-05
W-346,Texas,BP,Corrective,Night,Standby,Windy,Medium,2023-03-02,2023-02-08
W-347,North Sea,Shell,Emergency,Night,Failure,Sunny,Low,2023-08-24,2023-07-15
W-348,Abu Dhabi,Chevron,Routine,Night,Failure,Rainy,Low,2024-01-06,2022-09-19
W-349,Texas,TotalEnergies,Emergency,Night,Failure,Rainy,Low,2024-05-31,2023-10-06
W-350,Algeria,TotalEnergies,Routine,Day,Failure,Sunny,Low,2023-07-27,2023-02-13
W-351,Texas,Chevron,Routine,Day,Standby,Windy,Critical,2024-01-28,2022-09-22
W-352,Texas,TotalEnergies,Corrective,Day,Active,Rainy,Medium,2023-07-30,2022-11-17
W-353,Abu Dhabi,TotalEnergies,Emergency,Day,Failure,Windy,Medium,2024-01-06,2022-11-08
W-354,Qatar,TotalEnergies,Corrective,Day,Failure,Windy,High,2024-06-14,2023-04-08
W-355,Texas,BP,Emergency,Night,Standby,Sandstorm,Medium,2023-05-19,2022-10-19
W-356,North Sea,BP,Routine,Day,Standby,Sunny,Medium,2023-08-31,2022-08-14
W-357,Qatar,ExxonMobil,Corrective,Night,Failure,Windy,Medium,2024-08-18,2022-08-14
W-358,Algeria,Shell,Corrective,Day,Active,Cloudy,High,2024-06-05,2023-05-16
W-359,Abu Dhabi,Chevron,Routine,Day,Active,Sunny,Low,2023-12-05,2023-08-15
W-360,Algeria,Chevron,Routine,Day,Failure,Rainy,Medium,2023-11-06,2022-12-10
W-361,Qatar,Chevron,Routine,Day,Standby,Sandstorm,High,2023-06-20,2022-06-21
W-362,Qatar,ExxonMobil,Corrective,Day,Failure,Rainy,High,2023-11-07,2022-08-16
W-363,Qatar,BP,Emergency,Night,Failure,Rainy,Critical,2024-05-23,2023-12-01
W-364,Algeria,ExxonMobil,Corrective,Night,Standby,Sunny,High,2024-02-16,2023-03-24
W-365,Qatar,Chevron,Emergency,Night,Failure,Rainy,Low,2023-06-24,2023-02-28
W-366,Algeria,Shell,Corrective,Day,Failure,Windy,Medium,2023-05-01,2022-06-23
W-367,Qatar,TotalEnergies,Corrective,Day,Failure,Rainy,High,2023-06-09,2023-05-17
W-368,North Sea,BP,Routine,Night,Standby,Sandstorm,Low,2023-04-12,2023-03-23
W-369,Qatar,BP,Emergency,Day,Active,Sandstorm,High,2023-02-27,2022-09-30
W-370,Algeria,ExxonMobil,Corrective,Day,Active,Cloudy,High,2023-09-09,2022-08-06
W-371,Texas,BP,Corrective,Night,Standby,Sandstorm,High,2023-03-09,2023-01-17
W-372,Qatar,Chevron,Routine,Day,Active,Rainy,High,2023-04-14,2023-03-08
W-373,Texas,Chevron,Routine,Night,Failure,Sandstorm,High,2023-11-25,2023-11-02
W-374,North Sea,ExxonMobil,Emergency,Day,Active,Sunny,Low,2023-04-09,2023-02-17
W-375,Abu Dhabi,Chevron,Corrective,Night,Failure,Sandstorm,Medium,2023-02-08,2022-11-30
W-376,North Sea,Shell,Emergency,Day,Active,Windy,Medium,2023-07-10,2022-08-09
W-377,Qatar,ExxonMobil,Corrective,Day,Standby,Sunny,Medium,2023-05-13,2023-03-01
W-378,Texas,Shell,Emergency,Night,Active,Cloudy,Medium,2023-11-06,2023-07-06
W-379,Texas,TotalEnergies,Routine,Day,Active,Windy,Low,2023-03-03,2022-09-29
W-380,Algeria,Shell,Corrective,Day,Active,Rainy,Critical,2024-03-27,2023-11-11
W-381,Texas,TotalEnergies,Emergency,Night,Standby,Rainy,Critical,2024-06-27,2022-09-25
W-382,Algeria,TotalEnergies,Routine,Day,Active,Rainy,Low,2024-03-22,2022-12-06
W-383,Abu Dhabi,Shell,Routine,Night,Standby,Windy,Low,2023-11-16,2023-06-08
W-384,Qatar,ExxonMobil,Emergency,Day,Failure,Windy,High,2024-05-31,2023-06-19
W-385,Algeria,Chevron,Corrective,Day,Active,Windy,High,2024-02-21,2023-07-25
W-386,Abu Dhabi,Chevron,Corrective,Day,Standby,Sunny,High,2023-01-07,2022-08-07
W-387,Texas,TotalEnergies,Routine,Day,Standby,Sunny,Medium,2023-08-25,2023-07-16
W-388,Texas,TotalEnergies,Corrective,Night,Active,Rainy,High,2024-05-25,2023-04-16
W-389,Abu Dhabi,ExxonMobil,Corrective,Day,Failure,Sandstorm,Critical,2023-07-27,2023-03-10
W-390,Texas,BP,Corrective,Night,Standby,Rainy,Medium,2023-01-22,2022-10-24
W-391,Abu Dhabi,Shell,Routine,Day,Active,Cloudy,High,2024-03-23,2023-08-19
W-392,Algeria,TotalEnergies,Emergency,Day,Failure,Sunny,Medium,2024-04-26,2022-08-10
W-393,Algeria,Chevron,Corrective,Day,Standby,Windy,Critical,2023-04-07,2023-01-15
W-394,Abu Dhabi,ExxonMobil,Routine,Day,Standby,Sunny,High,2023-11-19,2022-07-28
W-395,Algeria,Shell,Routine,Night,Failure,Windy,Critical,2023-04-26,2022-06-17
W-396,Algeria,ExxonMobil,Emergency,Night,Failure,Cloudy,Critical,2024-03-07,2023-01-29
W-397,Algeria,Shell,Corrective,Night,Active,Cloudy,Critical,2023-06-12,2023-05-24
W-398,North Sea,Shell,Corrective,Night,Active,Sunny,High,2023-07-09,2022-09-13
W-399,Qatar,TotalEnergies,Emergency,Day,Standby,Windy,Low,2024-05-21,2023-07-09
W-400,Texas,ExxonMobil,Emergency,Night,Failure,Cloudy,High,2023-10-13,2022-09-13
W-401,North Sea,ExxonMobil,Routine,Night,Failure,Rainy,Critical,2024-02-06,2023-08-09
W-402,Algeria,Chevron,Routine,Day,Failure,Rainy,High,2023-08-30,2023-03-31
W-403,Abu Dhabi,Chevron,Emergency,Day,Standby,Windy,Critical,2023-06-28,2023-06-11
W-404,Algeria,TotalEnergies,Corrective,Day,Failure,Sunny,Low,2024-01-11,2022-09-30
W-405,Qatar,TotalEnergies,Routine,Day,Failure,Cloudy,Medium,2023-04-03,2023-03-04
W-406,Algeria,BP,Routine,Night,Standby,Sunny,Low,2023-08-12,2023-05-18
W-407,Abu Dhabi,Chevron,Corrective,Night,Active,Rainy,Low,2023-05-06,2023-02-27
W-408,Qatar,Shell,Routine,Day,Active,Cloudy,Medium,2024-02-22,2023-03-24
W-409,Algeria,ExxonMobil,Corrective,Day,Standby,Sunny,High,2024-07-20,2023-12-06
W-410,Qatar,TotalEnergies,Corrective,Day,Failure,Sandstorm,Medium,2024-08-20,2022-06-10
W-411,Texas,ExxonMobil,Corrective,Night,Standby,Windy,High,2023-09-28,2023-08-12
W-412,Texas,ExxonMobil,Emergency,Night,Active,Windy,High,2023-06-01,2023-04-03
W-413,Algeria,BP,Emergency,Day,Active,Sandstorm,Critical,2023-09-23,2022-07-08
W-414,Qatar,Chevron,Emergency,Day,Standby,Rainy,Critical,2024-05-23,2023-02-26
W-415,Abu Dhabi,TotalEnergies,Corrective,Night,Standby,Cloudy,Medium,2023-05-04,2022-10-01
W-416,Algeria,ExxonMobil,Corrective,Day,Active,Windy,Low,2024-07-25,2023-05-06
W-417,Texas,TotalEnergies,Emergency,Day,Standby,Sandstorm,Medium,2023-07-25,2023-06-25
W-418,Texas,Shell,Routine,Night,Active,Sandstorm,High,2024-08-14,2022-11-29
W-419,Algeria,BP,Corrective,Day,Standby,Rainy,Critical,2024-05-18,2023-03-03
W-420,Qatar,Shell,Routine,Night,Standby,Rainy,Medium,2024-04-30,2022-11-15
W-421,Texas,TotalEnergies,Routine,Day,Standby,Sunny,Medium,2023-07-10,2023-01-08
W-422,Qatar,TotalEnergies,Corrective,Day,Active,Windy,Critical,2023-01-06,2022-09-04
W-423,Texas,Chevron,Corrective,Night,Standby,Sunny,Critical,2023-08-18,2023-06-01
W-424,Texas,ExxonMobil,Routine,Night,Active,Sandstorm,Critical,2023-07-01,2022-06-07
W-425,North Sea,ExxonMobil,Routine,Day,Active,Cloudy,High,2023-01-23,2022-11-05
W-426,Texas,Shell,Emergency,Night,Standby,Cloudy,Critical,2023-10-31,2023-05-10
W-427,Abu Dhabi,BP,Emergency,Day,Standby,Rainy,Low,2023-08-30,2022-12-16
W-428,Algeria,ExxonMobil,Corrective,Day,Active,Cloudy,Medium,2024-01-16,2023-08-08
W-429,Algeria,Chevron,Emergency,Night,Active,Cloudy,Critical,2024-01-08,2023-04-01
W-430,Qatar,Shell,Emergency,Day,Failure,Cloudy,Critical,2023-03-14,2023-02-03
W-431,Texas,Shell,Emergency,Day,Active,Sandstorm,High,2024-08-09,2022-08-06
W-432,Abu Dhabi,Chevron,Emergency,Night,Failure,Cloudy,High,2023-04-23,2023-01-20
W-433,Qatar,BP,Routine,Night,Failure,Cloudy,Medium,2023-09-25,2022-10-23
W-434,North Sea,Chevron,Corrective,Day,Failure,Cloudy,Low,2023-10-20,2022-06-10
W-435,Qatar,BP,Emergency,Night,Standby,Sunny,Medium,2024-05-02,2023-01-03
W-436,Qatar,Chevron,Routine,Night,Standby,Sandstorm,Critical,2023-03-01,2022-07-24
W-437,Texas,Chevron,Routine,Night,Active,Rainy,Low,2023-09-15,2022-11-02
W-438,North Sea,TotalEnergies,Routine,Night,Failure,Sunny,Low,2024-01-13,2022-07-26
W-439,Qatar,Shell,Emergency,Day,Standby,Windy,Low,2023-05-10,2022-07-31
W-440,Abu Dhabi,Chevron,Emergency,Day,Standby,Sandstorm,Low,2024-01-12,2022-09-28
W-441,Abu Dhabi,Chevron,Corrective,Day,Standby,Sandstorm,Medium,2024-07-08,2024-01-21
W-442,Algeria,ExxonMobil,Emergency,Night,Standby,Windy,High,2024-08-21,2022-06-02
W-443,North Sea,Shell,Emergency,Night,Standby,Windy,High,2023-01-20,2022-12-25
W-444,North Sea,ExxonMobil,Routine,Night,Failure,Windy,Critical,2023-05-22,2022-08-24
W-445,Algeria,Shell,Corrective,Night,Failure,Rainy,High,2023-07-06,2023-04-13
W-446,Qatar,ExxonMobil,Emergency,Night,Failure,Cloudy,High,2023-08-28,2022-07-27
W-447,North Sea,Chevron,Emergency,Night,Failure,Sandstorm,High,2023-05-26,2023-04-27
W-448,Abu Dhabi,Chevron,Routine,Night,Active,Cloudy,High,2023-05-03,2023-03-07
W-449,Abu Dhabi,TotalEnergies,Routine,Day,Failure,Cloudy,Critical,2024-07-26,2022-06-01
W-450,Texas,ExxonMobil,Emergency,Day,Standby,Windy,Medium,2024-07-05,2023-11-19
W-451,North Sea,BP,Corrective,Night,Failure,Rainy,Low,2023-01-29,2022-11-08
W-452,Qatar,TotalEnergies,Corrective,Night,Active,Sunny,High,2023-07-23,2022-11-05
W-453,Algeria,ExxonMobil,Routine,Night,Standby,Rainy,Medium,2023-09-01,2023-08-21
W-454,Algeria,ExxonMobil,Routine,Day,Failure,Cloudy,High,2023-05-24,2023-04-08
W-455,Qatar,TotalEnergies,Emergency,Day,Failure,Rainy,High,2024-01-13,2023-03-18
W-456,Texas,Chevron,Routine,Night,Failure,Windy,Low,2024-01-20,2022-12-07
W-457,Algeria,ExxonMobil,Emergency,Night,Standby,Sunny,Low,2024-05-25,2023-09-17
W-458,North Sea,Chevron,Corrective,Day,Standby,Windy,Low,2024-03-20,2023-07-15
W-459,Texas,TotalEnergies,Corrective,Day,Active,Sunny,High,2023-11-22,2023-11-16
W-460,North Sea,Chevron,Emergency,Day,Standby,Cloudy,High,2024-01-28,2023-07-21
W-461,Abu Dhabi,Shell,Routine,Day,Standby,Sunny,High,2023-06-14,2022-10-25
W-462,Texas,BP,Corrective,Night,Failure,Sunny,Low,2023-12-22,2023-12-11
W-463,Algeria,ExxonMobil,Routine,Day,Standby,Sunny,Critical,2023-10-21,2022-08-02
W-464,Texas,BP,Corrective,Day,Failure,Rainy,Medium,2023-03-22,2022-11-08
W-465,Texas,Chevron,Emergency,Night,Failure,Rainy,Critical,2023-05-26,2023-04-09
W-466,Texas,ExxonMobil,Emergency,Day,Standby,Cloudy,High,2023-06-25,2023-05-06
W-467,Texas,Chevron,Emergency,Day,Active,Sunny,High,2024-07-08,2022-06-10
W-468,North Sea,Shell,Corrective,Day,Active,Sandstorm,Critical,2023-05-19,2023-05-09
W-469,Abu Dhabi,TotalEnergies,Routine,Night,Standby,Cloudy,High,2023-06-23,2023-01-03
W-470,Qatar,ExxonMobil,Routine,Day,Active,Sunny,Medium,2023-08-10,2023-01-30
W-471,Texas,Shell,Routine,Night,Failure,Sunny,High,2024-02-03,2023-09-29
W-472,Algeria,Shell,Corrective,Night,Failure,Rainy,Medium,2023-03-12,2023-01-14
W-473,Texas,ExxonMobil,Corrective,Day,Standby,Cloudy,Critical,2024-07-26,2022-06-29
W-474,Algeria,Chevron,Corrective,Day,Active,Sunny,Critical,2024-06-03,2022-09-14
W-475,North Sea,Shell,Corrective,Day,Active,Sunny,High,2023-12-13,2023-11-30
W-476,Algeria,BP,Corrective,Day,Failure,Cloudy,Medium,2024-02-09,2022-07-13
W-477,Qatar,Shell,Routine,Night,Standby,Sandstorm,High,2023-01-10,2022-12-30
W-478,Abu Dhabi,Chevron,Corrective,Day,Active,Cloudy,Low,2023-07-23,2023-03-29
W-479,Algeria,Chevron,Corrective,Day,Standby,Cloudy,Low,2024-04-22,2023-03-23
W-480,Algeria,BP,Routine,Day,Active,Sandstorm,Low,2023-02-16,2022-06-03
W-481,Abu Dhabi,Shell,Corrective,Night,Failure,Cloudy,Low,2023-06-19,2023-03-28
W-482,Qatar,Chevron,Routine,Day,Failure,Sunny,High,2023-12-18,2023-01-17
W-483,Texas,ExxonMobil,Routine,Day,Standby,Cloudy,Low,2023-06-03,2023-04-01
W-484,Algeria,TotalEnergies,Emergency,Night,Failure,Sandstorm,Medium,2024-07-14,2022-09-04
W-485,Abu Dhabi,TotalEnergies,Emergency,Night,Active,Windy,Critical,2023-03-20,2022-12-30
W-486,North Sea,TotalEnergies,Emergency,Day,Failure,Cloudy,Critical,2024-04-23,2023-02-07
W-487,Abu Dhabi,Shell,Emergency,Day,Standby,Rainy,Low,2023-11-01,2023-01-21
W-488,North Sea,BP,Corrective,Day,Standby,Sunny,Low,2024-03-26,2023-07-05
W-489,Qatar,Chevron,Emergency,Day,Standby,Sunny,Low,2023-07-06,2022-10-08
W-490,Texas,ExxonMobil,Routine,Day,Active,Rainy,High,2023-11-05,2022-10-11
W-491,Abu Dhabi,ExxonMobil,Corrective,Night,Active,Rainy,Critical,2024-05-29,2023-08-12
W-492,Algeria,Shell,Emergency,Night,Active,Cloudy,Low,2023-10-08,2023-03-28
W-493,Qatar,TotalEnergies,Routine,Day,Active,Rainy,Medium,2023-08-04,2023-02-05
W-494,Abu Dhabi,Shell,Corrective,Day,Active,Windy,Low,2023-11-18,2022-09-10
W-495,Algeria,BP,Corrective,Night,Failure,Sandstorm,Critical,2024-03-06,2022-09-21
W-496,Abu Dhabi,BP,Emergency,Day,Active,Rainy,Low,2023-09-24,2022-06-07
W-497,North Sea,Chevron,Corrective,Day,Active,Rainy,Critical,2024-07-17,2022-07-25
W-498,Abu Dhabi,Chevron,Routine,Day,Failure,Windy,Low,2023-06-26,2023-05-01
W-499,Abu Dhabi,BP,Corrective,Day,Active,Sunny,Medium,2023-10-13,2023-09-09
W-500,Abu Dhabi,BP,Routine,Day,Standby,Sunny,Low,2024-03-30,2022-11-20
W-501,Qatar,BP,Corrective,Night,Active,Cloudy,Medium,2024-02-18,2022-12-14
W-502,Abu Dhabi,Shell,Emergency,Day,Active,Windy,Medium,2024-06-02,2022-08-09
W-503,Algeria,BP,Routine,Day,Standby,Sandstorm,Low,2024-08-21,2023-01-20
W-504,North Sea,ExxonMobil,Corrective,Day,Standby,Sandstorm,Medium,2023-09-14,2022-06-23
W-505,North Sea,TotalEnergies,Corrective,Night,Standby,Windy,High,2023-03-08,2023-02-24
W-506,Abu Dhabi,BP,Corrective,Night,Standby,Sandstorm,Low,2023-01-19,2023-01-01
W-507,Qatar,TotalEnergies,Routine,Night,Active,Sunny,Low,2024-03-12,2024-01-16
W-508,Qatar,Shell,Routine,Night,Standby,Sandstorm,Medium,2024-06-08,2023-11-12
W-509,Algeria,TotalEnergies,Routine,Day,Standby,Sandstorm,Medium,2023-05-13,2023-03-11
W-510,Abu Dhabi,Shell,Emergency,Night,Failure,Windy,Low,2023-04-06,2023-01-01
W-511,North Sea,ExxonMobil,Emergency,Day,Standby,Windy,High,2023-02-07,2022-09-23
W-512,Qatar,Shell,Routine,Day,Standby,Sandstorm,Medium,2024-05-08,2023-03-05
W-513,Abu Dhabi,Shell,Corrective,Night,Failure,Rainy,Medium,2023-07-06,2023-04-01
W-514,Qatar,Chevron,Emergency,Night,Failure,Windy,Critical,2023-08-30,2022-07-01
W-515,Qatar,BP,Routine,Night,Active,Cloudy,High,2023-10-29,2023-08-05
W-516,North Sea,BP,Corrective,Night,Failure,Cloudy,High,2024-05-18,2022-12-22
W-517,Texas,ExxonMobil,Emergency,Night,Active,Sunny,Low,2024-01-26,2023-11-22
W-518,Algeria,ExxonMobil,Corrective,Day,Failure,Sandstorm,High,2024-01-05,2023-12-17
W-519,Algeria,BP,Corrective,Night,Failure,Rainy,Low,2023-04-16,2023-01-23
W-520,North Sea,Chevron,Corrective,Night,Active,Sunny,Critical,2023-11-04,2023-07-04
W-521,Qatar,BP,Corrective,Night,Failure,Sandstorm,High,2024-03-05,2023-02-27
W-522,Abu Dhabi,Chevron,Emergency,Day,Active,Windy,Medium,2024-08-06,2023-10-15
W-523,Qatar,ExxonMobil,Emergency,Night,Failure,Cloudy,Critical,2023-05-01,2023-03-19
W-524,North Sea,TotalEnergies,Emergency,Day,Standby,Rainy,Low,2023-01-06,2022-11-15
W-525,Algeria,ExxonMobil,Routine,Night,Failure,Cloudy,Critical,2023-02-15,2022-11-24
W-526,Qatar,ExxonMobil,Emergency,Night,Active,Windy,Low,2023-08-14,2023-05-31
W-527,Algeria,Shell,Corrective,Day,Failure,Sandstorm,Critical,2024-05-07,2023-10-23
W-528,Abu Dhabi,Shell,Emergency,Night,Active,Windy,Low,2023-01-05,2022-12-05
W-529,Algeria,Shell,Corrective,Day,Active,Windy,High,2023-10-02,2023-09-26
W-530,Algeria,Shell,Routine,Day,Standby,Cloudy,Medium,2023-07-17,2023-04-02
W-531,Texas,Chevron,Corrective,Day,Standby,Rainy,Low,2023-02-01,2022-07-08
W-532,Texas,BP,Corrective,Night,Active,Windy,Critical,2023-09-28,2023-01-17
W-533,Texas,TotalEnergies,Corrective,Night,Failure,Cloudy,Low,2023-06-02,2023-02-22
W-534,Algeria,ExxonMobil,Routine,Night,Active,Rainy,Low,2023-07-31,2022-08-24
W-535,North Sea,Chevron,Emergency,Day,Active,Sandstorm,Low,2024-02-28,2022-08-01
W-536,Algeria,TotalEnergies,Emergency,Night,Failure,Sandstorm,Critical,2023-11-09,2023-04-18
W-537,North Sea,Chevron,Routine,Day,Failure,Sunny,Medium,2023-03-16,2022-07-22
W-538,North Sea,Chevron,Corrective,Night,Failure,Cloudy,High,2024-07-30,2022-11-29
W-539,Texas,ExxonMobil,Emergency,Day,Failure,Rainy,Medium,2024-01-17,2023-08-21
W-540,Qatar,BP,Routine,Day,Active,Windy,Low,2024-04-04,2023-12-31
W-541,Abu Dhabi,Shell,Emergency,Day,Active,Sandstorm,Critical,2023-02-17,2022-11-30
W-542,Texas,BP,Routine,Night,Standby,Rainy,Medium,2023-01-29,2023-01-18
W-543,Texas,ExxonMobil,Corrective,Day,Active,Cloudy,Low,2023-01-12,2022-10-29
W-544,Qatar,ExxonMobil,Emergency,Day,Failure,Sunny,High,2023-04-24,2022-11-24
W-545,Abu Dhabi,ExxonMobil,Routine,Day,Standby,Sandstorm,High,2023-09-06,2023-07-09
W-546,Algeria,TotalEnergies,Emergency,Day,Failure,Rainy,High,2024-07-15,2023-07-27
W-547,Algeria,BP,Emergency,Day,Active,Rainy,Low,2023-10-02,2023-01-10
W-548,Texas,BP,Emergency,Day,Standby,Rainy,Critical,2023-06-24,2022-06-11
W-549,Abu Dhabi,Chevron,Emergency,Night,Failure,Cloudy,Medium,2023-12-04,2023-07-27
W-550,Texas,Chevron,Routine,Night,Standby,Cloudy,High,2023-03-09,2022-06-14
W-551,North Sea,Chevron,Corrective,Day,Standby,Cloudy,Low,2024-01-01,2023-06-14
W-552,Texas,ExxonMobil,Routine,Night,Active,Windy,Low,2023-12-08,2022-09-07
W-553,Texas,BP,Routine,Night,Failure,Rainy,Medium,2024-04-20,2023-05-06
W-554,Algeria,ExxonMobil,Routine,Day,Standby,Sandstorm,High,2024-08-15,2023-03-30
W-555,Algeria,TotalEnergies,Corrective,Day,Standby,Cloudy,Low,2023-05-31,2022-06-09
W-556,Algeria,Chevron,Emergency,Day,Failure,Cloudy,Medium,2023-11-02,2023-01-04
W-557,North Sea,ExxonMobil,Emergency,Night,Standby,Rainy,Critical,2024-06-29,2023-05-27
W-558,Algeria,ExxonMobil,Emergency,Day,Standby,Cloudy,Critical,2024-04-16,2023-10-23
W-559,Abu Dhabi,TotalEnergies,Corrective,Night,Standby,Windy,Critical,2023-10-20,2023-09-09
W-560,Qatar,Shell,Emergency,Day,Failure,Windy,High,2024-07-21,2023-03-18
W-561,Abu Dhabi,BP,Corrective,Night,Failure,Cloudy,Medium,2023-02-04,2023-01-10
W-562,Abu Dhabi,Shell,Emergency,Day,Failure,Rainy,Medium,2024-07-12,2022-12-07
W-563,Algeria,Chevron,Emergency,Day,Failure,Rainy,Low,2023-01-31,2022-12-23
W-564,Qatar,ExxonMobil,Routine,Night,Active,Rainy,Low,2023-11-25,2022-09-25
W-565,Qatar,TotalEnergies,Corrective,Night,Standby,Sunny,Low,2024-06-18,2023-05-04
W-566,Qatar,TotalEnergies,Routine,Night,Failure,Cloudy,Medium,2023-06-07,2022-12-06
W-567,North Sea,BP,Routine,Night,Standby,Rainy,Low,2023-10-11,2022-07-21
W-568,Algeria,Shell,Routine,Night,Standby,Windy,Medium,2023-07-14,2023-04-20
W-569,Qatar,BP,Corrective,Night,Active,Sandstorm,Medium,2024-07-25,2023-07-30
W-570,North Sea,ExxonMobil,Corrective,Day,Failure,Sandstorm,Critical,2024-05-09,2023-01-02
W-571,Texas,BP,Emergency,Night,Failure,Rainy,Low,2024-03-01,2022-07-17
W-572,Texas,TotalEnergies,Routine,Day,Standby,Sandstorm,Critical,2023-12-19,2023-02-11
W-573,North Sea,TotalEnergies,Emergency,Day,Failure,Sandstorm,High,2024-05-07,2023-02-21
W-574,North Sea,Chevron,Routine,Night,Standby,Sunny,High,2023-08-24,2023-07-07
W-575,Algeria,Chevron,Corrective,Day,Standby,Windy,High,2023-09-26,2022-12-07
W-576,Algeria,ExxonMobil,Corrective,Night,Active,Windy,Medium,2024-03-14,2023-07-15
W-577,Texas,Shell,Corrective,Night,Active,Sunny,Medium,2023-08-03,2023-07-24
W-578,Qatar,BP,Routine,Day,Active,Sunny,Medium,2023-02-08,2022-10-21
W-579,Texas,ExxonMobil,Corrective,Day,Standby,Sandstorm,Low,2023-02-14,2022-11-25
W-580,Qatar,Chevron,Routine,Night,Failure,Cloudy,Critical,2023-03-11,2023-01-18
W-581,Qatar,BP,Emergency,Night,Active,Sandstorm,Medium,2024-06-05,2022-11-08
W-582,Algeria,Chevron,Routine,Day,Failure,Sunny,Critical,2023-10-11,2023-02-08
W-583,Abu Dhabi,BP,Emergency,Day,Active,Windy,Critical,2024-03-03,2022-07-27
W-584,Abu Dhabi,Shell,Routine,Day,Active,Sandstorm,Critical,2023-08-24,2022-08-15
W-585,North Sea,ExxonMobil,Emergency,Day,Standby,Cloudy,Low,2023-06-05,2023-02-04
W-586,Algeria,BP,Corrective,Night,Active,Sandstorm,Low,2023-07-28,2023-06-01
W-587,Qatar,TotalEnergies,Emergency,Night,Active,Rainy,High,2024-04-21,2023-11-23
W-588,Abu Dhabi,TotalEnergies,Corrective,Night,Standby,Sandstorm,High,2024-01-11,2023-07-04
W-589,Qatar,BP,Corrective,Night,Failure,Sunny,Critical,2024-07-16,2022-08-03
W-590,Abu Dhabi,BP,Emergency,Day,Active,Windy,High,2024-02-12,2023-07-09
W-591,Abu Dhabi,BP,Routine,Day,Standby,Windy,Critical,2023-12-09,2023-06-17
W-592,Abu Dhabi,TotalEnergies,Routine,Night,Active,Sunny,Low,2024-01-02,2023-09-27
W-593,Algeria,TotalEnergies,Routine,Night,Standby,Rainy,Low,2024-07-19,2023-10-09
W-594,Texas,BP,Routine,Night,Failure,Sunny,Low,2024-04-17,2023-11-03
W-595,Qatar,Chevron,Routine,Night,Failure,Sandstorm,Medium,2023-01-15,2022-11-17
W-596,Algeria,Chevron,Corrective,Night,Standby,Sunny,Critical,2023-11-17,2023-07-24
W-597,Algeria,Shell,Routine,Night,Standby,Sunny,Low,2024-02-18,2022-11-08
W-598,Algeria,ExxonMobil,Corrective,Night,Standby,Rainy,Critical,2024-03-25,2024-01-21
W-599,Algeria,Chevron,Corrective,Night,Failure,Sandstorm,High,2023-05-08,2022-09-14
W-600,Algeria,TotalEnergies,Corrective,Night,Active,Cloudy,High,2024-06-04,2022-06-07
W-601,North Sea,Chevron,Emergency,Day,Failure,Cloudy,Low,2024-07-27,2022-08-29
W-602,Qatar,Shell,Emergency,Night,Standby,Windy,Critical,2023-05-23,2023-05-01
W-603,Algeria,Shell,Corrective,Day,Standby,Sunny,Low,2024-06-13,2023-02-24
W-604,Qatar,ExxonMobil,Emergency,Day,Failure,Windy,High,2023-02-28,2023-02-24
W-605,North Sea,Chevron,Routine,Night,Standby,Rainy,Low,2023-02-03,2023-01-10
W-606,North Sea,TotalEnergies,Routine,Night,Failure,Cloudy,Critical,2023-03-19,2023-01-16
W-607,Qatar,TotalEnergies,Corrective,Day,Standby,Sunny,High,2023-02-04,2022-12-04
W-608,Abu Dhabi,BP,Routine,Day,Active,Rainy,Medium,2024-05-22,2022-10-04
W-609,Texas,TotalEnergies,Corrective,Night,Active,Rainy,High,2023-02-05,2022-12-14
W-610,Abu Dhabi,ExxonMobil,Corrective,Day,Standby,Sunny,Medium,2023-06-12,2023-05-26
W-611,Abu Dhabi,ExxonMobil,Routine,Night,Failure,Rainy,Low,2023-03-04,2022-12-11
W-612,Abu Dhabi,TotalEnergies,Emergency,Night,Active,Sunny,Low,2023-06-27,2023-06-13
W-613,Algeria,TotalEnergies,Routine,Night,Failure,Sunny,Critical,2023-02-24,2022-11-02
W-614,North Sea,BP,Routine,Day,Standby,Sandstorm,Medium,2024-02-05,2023-09-24
W-615,Abu Dhabi,TotalEnergies,Corrective,Day,Failure,Windy,Low,2023-03-21,2023-01-25
W-616,North Sea,BP,Corrective,Night,Active,Rainy,Medium,2024-05-26,2023-03-30
W-617,Qatar,BP,Corrective,Day,Failure,Rainy,Low,2024-05-05,2022-07-07
W-618,Texas,TotalEnergies,Corrective,Day,Failure,Sandstorm,High,2023-01-09,2022-10-23
W-619,Qatar,Shell,Emergency,Day,Standby,Sandstorm,Low,2024-06-21,2023-06-05
W-620,Qatar,Shell,Emergency,Day,Standby,Sandstorm,Critical,2023-01-18,2022-09-24
W-621,Algeria,BP,Emergency,Day,Standby,Cloudy,High,2023-05-24,2023-04-26
W-622,Texas,TotalEnergies,Corrective,Day,Active,Cloudy,Critical,2023-01-20,2022-12-04
W-623,Qatar,Shell,Corrective,Day,Active,Cloudy,High,2023-07-21,2023-04-12
W-624,Qatar,TotalEnergies,Corrective,Night,Standby,Sunny,Medium,2023-11-05,2023-08-05
W-625,Texas,TotalEnergies,Emergency,Day,Standby,Rainy,Critical,2024-04-22,2023-05-15
W-626,Texas,TotalEnergies,Corrective,Day,Active,Windy,Low,2023-07-22,2023-07-02
W-627,Qatar,Chevron,Routine,Day,Active,Sunny,Medium,2024-02-28,2022-07-03
W-628,Texas,TotalEnergies,Routine,Day,Active,Rainy,Low,2023-04-23,2022-08-03
W-629,Qatar,Chevron,Corrective,Day,Active,Rainy,High,2024-03-26,2022-09-13
W-630,Qatar,BP,Routine,Day,Standby,Sandstorm,High,2023-05-22,2023-03-31
W-631,Algeria,Shell,Routine,Day,Active,Sandstorm,Low,2023-03-28,2023-02-27
W-632,Abu Dhabi,Shell,Emergency,Day,Standby,Sunny,Low,2023-04-22,2023-03-24
W-633,Qatar,Shell,Corrective,Night,Failure,Sandstorm,Medium,2023-04-20,2023-03-21
W-634,North Sea,Shell,Corrective,Day,Failure,Rainy,Low,2023-11-04,2023-04-02
W-635,Abu Dhabi,Shell,Emergency,Day,Active,Sandstorm,Critical,2024-05-21,2024-01-17
W-636,Abu Dhabi,Shell,Routine,Day,Failure,Cloudy,Critical,2023-02-17,2022-11-07
W-637,Abu Dhabi,Shell,Routine,Day,Failure,Sandstorm,Low,2024-02-29,2023-10-13
W-638,Algeria,BP,Corrective,Night,Failure,Rainy,Critical,2024-01-28,2023-02-12
W-639,Qatar,TotalEnergies,Routine,Night,Active,Sunny,Low,2024-06-07,2023-06-25
W-640,Algeria,ExxonMobil,Emergency,Night,Active,Windy,Medium,2023-05-27,2023-02-25
W-641,Qatar,Chevron,Emergency,Night,Failure,Sandstorm,Critical,2023-09-28,2023-06-16
W-642,Algeria,ExxonMobil,Corrective,Night,Standby,Rainy,Critical,2024-07-09,2022-08-24
W-643,Algeria,ExxonMobil,Emergency,Night,Failure,Windy,Low,2024-01-31,2023-02-21
W-644,North Sea,TotalEnergies,Emergency,Night,Active,Windy,Critical,2023-08-22,2023-05-03
W-645,Algeria,TotalEnergies,Corrective,Night,Active,Cloudy,High,2023-03-20,2023-01-13
W-646,Texas,TotalEnergies,Emergency,Night,Active,Windy,Medium,2023-06-07,2023-02-22
W-647,North Sea,Shell,Emergency,Night,Failure,Rainy,Medium,2023-12-15,2023-12-04
W-648,Algeria,BP,Emergency,Night,Standby,Rainy,Critical,2024-03-06,2023-02-20
W-649,Abu Dhabi,Shell,Routine,Night,Active,Sandstorm,Critical,2023-03-16,2023-01-16
W-650,Texas,BP,Corrective,Night,Active,Sandstorm,High,2023-12-26,2023-09-21
W-651,Texas,BP,Corrective,Night,Failure,Sandstorm,High,2023-11-27,2023-05-16
W-652,Texas,ExxonMobil,Corrective,Night,Standby,Windy,Critical,2023-11-05,2023-08-14
W-653,North Sea,ExxonMobil,Routine,Night,Failure,Windy,Critical,2024-02-19,2023-07-02
W-654,Algeria,BP,Routine,Day,Active,Cloudy,High,2024-05-17,2023-04-10
W-655,Algeria,BP,Corrective,Night,Standby,Sandstorm,Low,2023-07-13,2022-06-15
W-656,Abu Dhabi,Shell,Routine,Day,Standby,Sunny,High,2024-06-17,2023-02-04
W-657,Abu Dhabi,Shell,Corrective,Night,Active,Cloudy,Low,2023-04-07,2022-11-27
W-658,Texas,ExxonMobil,Routine,Night,Standby,Sunny,Medium,2023-04-14,2023-03-10
W-659,Abu Dhabi,TotalEnergies,Emergency,Day,Standby,Windy,Medium,2023-06-10,2022-10-03
W-660,North Sea,BP,Emergency,Night,Failure,Cloudy,High,2023-03-13,2022-10-02
W-661,Algeria,Shell,Corrective,Day,Active,Cloudy,Low,2023-05-19,2022-09-22
W-662,Texas,ExxonMobil,Routine,Day,Active,Rainy,High,2023-03-05,2022-08-15
W-663,Abu Dhabi,Shell,Routine,Day,Active,Windy,High,2024-05-08,2022-12-04
W-664,North Sea,BP,Emergency,Night,Active,Windy,Low,2023-03-25,2023-02-14
W-665,North Sea,BP,Emergency,Night,Active,Cloudy,High,2024-03-24,2023-09-08
W-666,Abu Dhabi,Chevron,Routine,Night,Standby,Windy,Medium,2023-01-29,2022-11-08
W-667,Algeria,TotalEnergies,Routine,Day,Failure,Cloudy,Critical,2024-07-23,2023-09-22
W-668,Abu Dhabi,Chevron,Routine,Day,Active,Rainy,Critical,2024-03-02,2022-11-09
W-669,Texas,ExxonMobil,Routine,Night,Failure,Cloudy,High,2023-01-05,2022-11-26
W-670,Abu Dhabi,Shell,Routine,Night,Failure,Windy,Low,2024-04-03,2022-08-22
W-671,North Sea,ExxonMobil,Routine,Night,Standby,Windy,Low,2023-11-05,2022-12-19
W-672,Abu Dhabi,BP,Corrective,Night,Active,Cloudy,Medium,2024-04-12,2023-05-19
W-673,Algeria,Chevron,Routine,Night,Standby,Cloudy,Low,2023-11-10,2022-08-01
W-674,Qatar,Chevron,Emergency,Day,Active,Cloudy,Low,2024-01-20,2023-08-13
W-675,Abu Dhabi,Chevron,Corrective,Day,Standby,Sandstorm,Medium,2024-04-16,2023-01-19
W-676,Algeria,ExxonMobil,Routine,Day,Failure,Windy,High,2023-09-01,2023-07-12
W-677,Algeria,BP,Emergency,Night,Active,Windy,Critical,2023-01-02,2022-10-17
W-678,North Sea,Shell,Corrective,Day,Failure,Sandstorm,Medium,2024-05-24,2022-09-17
W-679,Algeria,Shell,Emergency,Day,Failure,Cloudy,High,2023-08-17,2023-08-15
W-680,Algeria,ExxonMobil,Routine,Day,Standby,Rainy,Medium,2023-10-25,2022-10-30
W-681,Algeria,Chevron,Routine,Day,Active,Cloudy,High,2023-01-05,2022-10-27
W-682,Algeria,TotalEnergies,Routine,Day,Failure,Cloudy,Medium,2023-10-23,2022-07-16
W-683,Texas,ExxonMobil,Routine,Night,Standby,Sandstorm,High,2024-08-14,2023-06-06
W-684,Texas,ExxonMobil,Corrective,Day,Active,Windy,Medium,2023-06-16,2023-04-07
W-685,North Sea,BP,Corrective,Night,Active,Cloudy,High,2023-08-26,2023-01-14
W-686,Abu Dhabi,Shell,Emergency,Night,Failure,Windy,Medium,2024-02-17,2023-12-25
W-687,Algeria,ExxonMobil,Routine,Night,Active,Sunny,Critical,2024-05-03,2023-11-07
W-688,Abu Dhabi,ExxonMobil,Emergency,Night,Failure,Windy,Critical,2023-09-08,2023-07-30
W-689,Abu Dhabi,Chevron,Corrective,Night,Active,Rainy,Low,2023-07-05,2023-04-17
W-690,North Sea,Chevron,Routine,Day,Standby,Rainy,High,2024-07-16,2022-10-30
W-691,Algeria,TotalEnergies,Routine,Day,Failure,Cloudy,Medium,2024-02-11,2023-06-30
W-692,Algeria,BP,Corrective,Night,Failure,Windy,High,2023-03-13,2022-09-27
W-693,Qatar,TotalEnergies,Corrective,Night,Active,Cloudy,Critical,2023-02-11,2022-08-26
W-694,Abu Dhabi,Chevron,Corrective,Night,Active,Sandstorm,High,2023-10-18,2023-07-23
W-695,Abu Dhabi,Shell,Corrective,Day,Failure,Rainy,Medium,2023-05-13,2023-02-25
W-696,Texas,Chevron,Corrective,Night,Active,Cloudy,High,2023-06-02,2023-02-14
W-697,Qatar,BP,Routine,Day,Standby,Sandstorm,Medium,2024-06-10,2022-11-20
W-698,Texas,Chevron,Corrective,Night,Active,Cloudy,Critical,2023-02-23,2022-11-16
W-699,Texas,BP,Routine,Day,Standby,Windy,Critical,2024-03-05,2022-06-30
W-700,Texas,BP,Routine,Night,Standby,Windy,Critical,2023-06-12,2022-07-27
W-701,North Sea,BP,Corrective,Day,Standby,Windy,Low,2024-04-01,2022-06-20
W-702,North Sea,BP,Corrective,Night,Standby,Windy,Critical,2024-03-09,2023-03-27
W-703,Texas,BP,Routine,Day,Standby,Sunny,High,2023-01-05,2022-12-10
W-704,Qatar,Shell,Corrective,Day,Active,Sandstorm,Low,2023-11-02,2022-07-08
W-705,Abu Dhabi,TotalEnergies,Corrective,Day,Standby,Sandstorm,Critical,2023-03-25,2023-02-25
W-706,Qatar,ExxonMobil,Corrective,Day,Active,Windy,High,2024-06-03,2022-10-17
W-707,Algeria,TotalEnergies,Emergency,Day,Standby,Sunny,High,2024-06-06,2023-07-17
W-708,North Sea,BP,Routine,Day,Failure,Windy,High,2023-09-09,2023-07-11
W-709,Abu Dhabi,Shell,Emergency,Day,Standby,Sunny,Medium,2023-09-24,2023-07-20
W-710,Abu Dhabi,Chevron,Corrective,Night,Failure,Windy,Low,2023-07-01,2023-04-13
W-711,Algeria,Shell,Emergency,Night,Standby,Rainy,High,2024-03-05,2023-12-21
W-712,Algeria,BP,Corrective,Night,Standby,Rainy,Medium,2023-08-04,2023-03-20
W-713,Texas,Shell,Emergency,Night,Standby,Cloudy,Critical,2023-06-10,2023-03-30
W-714,North Sea,Shell,Corrective,Night,Failure,Windy,High,2023-09-17,2023-06-25
W-715,North Sea,BP,Emergency,Day,Failure,Sandstorm,Medium,2023-02-24,2022-12-31
W-716,Qatar,Shell,Emergency,Day,Standby,Cloudy,High,2024-03-23,2022-11-04
W-717,Texas,ExxonMobil,Emergency,Day,Active,Rainy,Low,2023-01-08,2022-10-11
W-718,Texas,ExxonMobil,Routine,Day,Standby,Windy,Low,2024-01-22,2023-08-10
W-719,Texas,Shell,Emergency,Day,Failure,Cloudy,Critical,2023-04-20,2022-10-10
W-720,Texas,Chevron,Routine,Night,Standby,Windy,High,2023-05-20,2023-02-25
W-721,North Sea,BP,Corrective,Night,Failure,Rainy,Medium,2024-01-17,2023-09-21
W-722,North Sea,ExxonMobil,Emergency,Night,Failure,Cloudy,Critical,2024-08-18,2023-04-25
W-723,Texas,Chevron,Corrective,Night,Failure,Rainy,High,2024-04-11,2023-06-25
W-724,Qatar,Shell,Corrective,Day,Standby,Sunny,Critical,2023-05-16,2023-04-07
W-725,Abu Dhabi,Chevron,Emergency,Day,Failure,Rainy,Medium,2023-04-16,2023-03-13
W-726,Abu Dhabi,TotalEnergies,Routine,Day,Failure,Windy,Critical,2024-06-03,2023-04-21
W-727,Qatar,ExxonMobil,Emergency,Night,Standby,Sandstorm,Critical,2023-09-24,2023-08-24
W-728,Texas,Shell,Corrective,Day,Failure,Rainy,Critical,2023-03-24,2022-12-30
W-729,North Sea,BP,Corrective,Night,Standby,Sandstorm,High,2024-06-01,2023-06-13
W-730,Abu Dhabi,Shell,Emergency,Day,Failure,Sunny,Medium,2024-05-04,2023-01-02
W-731,Algeria,BP,Routine,Day,Active,Cloudy,Low,2024-08-13,2023-01-30
W-732,Algeria,Shell,Routine,Night,Active,Cloudy,High,2024-06-29,2024-01-04
W-733,Qatar,Chevron,Corrective,Day,Failure,Sandstorm,Low,2024-05-26,2022-08-07
W-734,Texas,Chevron,Corrective,Day,Active,Cloudy,Low,2023-02-01,2022-11-09
W-735,Abu Dhabi,Chevron,Routine,Night,Standby,Rainy,High,2023-03-04,2022-12-14
W-736,Texas,TotalEnergies,Emergency,Day,Active,Sandstorm,High,2023-12-08,2023-10-16
W-737,Abu Dhabi,BP,Corrective,Night,Failure,Windy,Medium,2023-11-15,2022-09-07
W-738,Qatar,Chevron,Routine,Day,Failure,Rainy,Medium,2023-10-02,2022-11-14
W-739,Qatar,TotalEnergies,Corrective,Day,Standby,Rainy,Critical,2023-08-27,2022-07-10
W-740,Algeria,BP,Emergency,Day,Failure,Rainy,Low,2023-09-16,2023-07-29
W-741,Texas,Shell,Routine,Day,Standby,Windy,Medium,2023-12-08,2022-10-21
W-742,Algeria,TotalEnergies,Corrective,Day,Active,Sunny,Critical,2023-01-02,2022-11-28
W-743,Texas,ExxonMobil,Emergency,Day,Active,Cloudy,Medium,2023-06-06,2023-02-22
W-744,Algeria,TotalEnergies,Corrective,Day,Standby,Sandstorm,High,2023-11-07,2023-09-03
W-745,North Sea,TotalEnergies,Emergency,Day,Standby,Sunny,Medium,2024-03-09,2023-02-02
W-746,North Sea,BP,Emergency,Night,Failure,Sandstorm,Low,2023-04-15,2022-08-27
W-747,North Sea,Shell,Routine,Night,Active,Cloudy,Medium,2023-11-25,2023-04-11
W-748,North Sea,ExxonMobil,Emergency,Day,Standby,Windy,Low,2024-03-04,2023-12-30
W-749,Abu Dhabi,Chevron,Corrective,Day,Active,Rainy,High,2023-09-24,2023-05-31
W-750,North Sea,Chevron,Emergency,Night,Standby,Rainy,Low,2023-01-17,2022-12-17
W-751,Qatar,TotalEnergies,Emergency,Day,Active,Windy,Medium,2023-09-27,2023-06-21
W-752,Qatar,BP,Routine,Day,Failure,Sunny,Critical,2023-06-27,2022-06-22
W-753,Abu Dhabi,BP,Emergency,Night,Active,Sunny,High,2024-07-11,2023-07-01
W-754,North Sea,Chevron,Emergency,Day,Active,Sandstorm,Medium,2023-03-16,2022-11-20
W-755,North Sea,ExxonMobil,Corrective,Day,Active,Windy,High,2024-01-27,2023-05-02
W-756,North Sea,Shell,Routine,Night,Active,Sunny,High,2023-02-01,2022-11-15
W-757,Algeria,ExxonMobil,Routine,Day,Active,Windy,Medium,2023-09-25,2022-12-27
W-758,Texas,Shell,Routine,Day,Failure,Cloudy,Medium,2023-11-29,2023-11-01
W-759,Algeria,Chevron,Emergency,Night,Standby,Rainy,Critical,2023-06-28,2022-10-02
W-760,Texas,Shell,Routine,Day,Active,Rainy,High,2023-10-01,2023-08-22
W-761,North Sea,BP,Emergency,Night,Failure,Rainy,High,2023-04-09,2022-06-19
W-762,North Sea,TotalEnergies,Emergency,Day,Active,Windy,Medium,2023-07-02,2022-07-25
W-763,Algeria,TotalEnergies,Corrective,Day,Active,Windy,Low,2024-01-08,2023-10-26
W-764,Algeria,Chevron,Corrective,Night,Standby,Sandstorm,Medium,2023-07-01,2023-06-14
W-765,Texas,BP,Corrective,Night,Active,Rainy,High,2024-06-23,2023-08-23
W-766,Qatar,ExxonMobil,Corrective,Day,Failure,Sandstorm,Medium,2024-01-13,2022-10-04
W-767,Texas,BP,Corrective,Night,Failure,Rainy,Critical,2023-09-21,2023-04-19
W-768,Algeria,TotalEnergies,Emergency,Night,Standby,Sandstorm,Low,2023-01-24,2022-12-20
W-769,Algeria,TotalEnergies,Emergency,Day,Active,Sandstorm,Medium,2023-10-27,2023-06-12
W-770,Abu Dhabi,BP,Routine,Day,Failure,Cloudy,Critical,2024-04-03,2023-03-11
W-771,Algeria,BP,Emergency,Day,Active,Sandstorm,High,2023-06-09,2023-04-19
W-772,Abu Dhabi,TotalEnergies,Emergency,Night,Active,Windy,Medium,2024-04-29,2023-07-11
W-773,Qatar,ExxonMobil,Corrective,Night,Active,Sandstorm,High,2023-06-01,2023-04-12
W-774,Texas,Chevron,Emergency,Night,Standby,Rainy,Critical,2024-05-09,2023-08-12
W-775,Texas,Chevron,Corrective,Night,Active,Sandstorm,High,2023-02-21,2023-01-20
W-776,Abu Dhabi,BP,Routine,Day,Failure,Sunny,Critical,2024-06-03,2022-07-19
W-777,Texas,Chevron,Routine,Night,Active,Rainy,Critical,2023-10-27,2023-01-02
W-778,Algeria,TotalEnergies,Emergency,Day,Failure,Sunny,Critical,2023-06-27,2023-05-02
W-779,North Sea,TotalEnergies,Routine,Night,Active,Rainy,Medium,2023-06-09,2022-10-18
W-780,Abu Dhabi,BP,Emergency,Day,Failure,Windy,High,2023-09-17,2022-08-09
W-781,Texas,BP,Routine,Day,Failure,Windy,High,2024-08-22,2022-12-13
W-782,Abu Dhabi,BP,Corrective,Day,Active,Windy,Low,2023-05-13,2022-10-11
W-783,Abu Dhabi,ExxonMobil,Corrective,Night,Active,Sunny,Low,2023-03-03,2023-02-09
W-784,North Sea,Chevron,Corrective,Day,Failure,Cloudy,Low,2023-12-18,2023-11-03
W-785,Algeria,BP,Corrective,Day,Standby,Rainy,Low,2023-10-21,2023-03-27
W-786,Abu Dhabi,Shell,Emergency,Night,Active,Windy,High,2023-11-11,2022-07-07
W-787,Texas,Shell,Routine,Day,Standby,Rainy,Critical,2024-02-05,2023-08-03
W-788,Qatar,TotalEnergies,Emergency,Night,Active,Sunny,Critical,2023-06-10,2023-03-04
W-789,Abu Dhabi,Chevron,Corrective,Night,Active,Cloudy,Medium,2024-06-30,2024-01-04
W-790,Abu Dhabi,BP,Emergency,Day,Active,Sunny,Critical,2023-09-19,2023-05-02
W-791,North Sea,Shell,Routine,Day,Active,Rainy,High,2023-03-19,2022-12-19
W-792,Algeria,Chevron,Emergency,Night,Standby,Cloudy,High,2024-03-21,2023-04-08
W-793,Qatar,TotalEnergies,Routine,Day,Active,Cloudy,High,2024-01-21,2024-01-09
W-794,Texas,ExxonMobil,Emergency,Night,Failure,Sunny,Medium,2023-07-09,2023-04-25
W-795,Qatar,Chevron,Routine,Night,Failure,Windy,Low,2024-01-08,2023-07-09
W-796,Texas,Chevron,Routine,Night,Standby,Rainy,Critical,2023-05-12,2022-10-23
W-797,Algeria,ExxonMobil,Corrective,Day,Active,Sandstorm,High,2023-09-24,2023-08-21
W-798,Texas,Chevron,Routine,Night,Failure,Sandstorm,High,2024-06-23,2023-08-25
W-799,North Sea,TotalEnergies,Corrective,Day,Standby,Sunny,Low,2023-03-22,2022-12-08
W-800,North Sea,TotalEnergies,Corrective,Day,Active,Rainy,High,2023-08-21,2023-03-18
W-801,North Sea,ExxonMobil,Corrective,Day,Failure,Rainy,Critical,2024-05-07,2022-11-24
W-802,North Sea,BP,Emergency,Day,Failure,Sunny,Medium,2024-08-04,2022-11-03
W-803,Qatar,Shell,Emergency,Night,Standby,Rainy,High,2023-09-30,2022-06-16
W-804,Algeria,BP,Emergency,Day,Active,Windy,Critical,2023-11-01,2022-11-19
W-805,Texas,Chevron,Emergency,Night,Active,Sunny,High,2023-12-10,2023-04-29
W-806,Texas,Shell,Routine,Night,Failure,Windy,Low,2024-07-13,2022-06-01
W-807,North Sea,ExxonMobil,Routine,Day,Failure,Rainy,High,2024-05-29,2022-11-17
W-808,North Sea,ExxonMobil,Emergency,Night,Failure,Sunny,High,2023-04-13,2023-01-28
W-809,Abu Dhabi,Shell,Routine,Night,Active,Rainy,Medium,2023-09-20,2023-05-23
W-810,Algeria,TotalEnergies,Routine,Day,Standby,Sunny,Low,2023-10-06,2023-05-31
W-811,Qatar,Shell,Corrective,Night,Standby,Rainy,Low,2024-04-18,2023-01-29
W-812,Texas,Chevron,Corrective,Night,Active,Windy,Medium,2023-12-28,2023-07-11
W-813,Abu Dhabi,TotalEnergies,Corrective,Night,Standby,Windy,High,2024-01-28,2022-09-22
W-814,Abu Dhabi,ExxonMobil,Corrective,Night,Failure,Rainy,Critical,2024-08-21,2023-10-05
W-815,Texas,Shell,Routine,Day,Standby,Sunny,Low,2023-02-14,2022-08-10
W-816,Qatar,BP,Emergency,Night,Standby,Sandstorm,Low,2023-05-14,2023-04-19
W-817,Abu Dhabi,BP,Routine,Night,Standby,Windy,High,2023-09-02,2022-12-22
W-818,Abu Dhabi,Chevron,Routine,Night,Failure,Windy,High,2023-07-28,2023-05-07
W-819,Algeria,BP,Routine,Night,Active,Sandstorm,Low,2023-01-13,2022-12-07
W-820,Qatar,Shell,Corrective,Day,Failure,Rainy,High,2023-02-25,2022-12-01
W-821,Abu Dhabi,Shell,Corrective,Night,Active,Sunny,Critical,2024-02-13,2022-09-10
W-822,Qatar,BP,Corrective,Day,Active,Rainy,Low,2024-06-11,2023-06-18
W-823,Texas,Shell,Emergency,Night,Active,Cloudy,Critical,2023-11-05,2023-09-22
W-824,North Sea,Chevron,Routine,Day,Standby,Windy,Critical,2023-11-20,2023-10-09
W-825,Abu Dhabi,TotalEnergies,Emergency,Day,Standby,Cloudy,High,2023-06-03,2022-07-07
W-826,Algeria,Chevron,Corrective,Day,Active,Windy,Critical,2024-04-05,2023-01-12
W-827,Texas,Chevron,Emergency,Day,Active,Windy,High,2024-03-27,2023-12-08
W-828,Qatar,Shell,Routine,Day,Standby,Cloudy,Medium,2023-12-20,2023-03-29
W-829,Texas,TotalEnergies,Routine,Night,Failure,Cloudy,High,2023-05-08,2023-03-19
W-830,Abu Dhabi,Shell,Corrective,Night,Active,Rainy,Critical,2023-02-28,2022-12-04
W-831,Qatar,ExxonMobil,Corrective,Night,Failure,Cloudy,Medium,2023-02-08,2022-12-30
W-832,North Sea,Shell,Emergency,Day,Standby,Rainy,High,2023-12-22,2023-03-29
W-833,Texas,Shell,Corrective,Night,Active,Rainy,Critical,2024-05-10,2023-02-18
W-834,Abu Dhabi,Shell,Corrective,Day,Failure,Rainy,Low,2024-05-29,2022-12-21
W-835,Algeria,TotalEnergies,Routine,Day,Failure,Windy,Low,2023-10-06,2023-08-06
W-836,Qatar,Shell,Corrective,Night,Failure,Windy,High,2024-04-15,2022-11-20
W-837,Texas,TotalEnergies,Corrective,Night,Standby,Cloudy,High,2024-07-22,2022-10-28
W-838,Texas,BP,Routine,Day,Standby,Windy,Low,2023-06-15,2022-12-31
W-839,North Sea,ExxonMobil,Routine,Day,Failure,Cloudy,Critical,2023-08-27,2022-09-15
W-840,North Sea,TotalEnergies,Emergency,Night,Failure,Windy,Critical,2024-07-12,2023-07-23
W-841,Algeria,BP,Corrective,Night,Standby,Sunny,Critical,2023-07-22,2023-06-05
W-842,Algeria,TotalEnergies,Routine,Night,Failure,Sunny,High,2024-07-02,2023-03-17
W-843,Abu Dhabi,TotalEnergies,Emergency,Night,Failure,Cloudy,Medium,2024-08-11,2023-01-21
W-844,Abu Dhabi,ExxonMobil,Emergency,Day,Standby,Windy,Medium,2024-02-02,2023-11-28
W-845,Algeria,Chevron,Corrective,Night,Failure,Windy,Medium,2024-05-05,2022-06-18
W-846,Algeria,Chevron,Corrective,Night,Failure,Rainy,Medium,2024-03-25,2023-09-05
W-847,Qatar,TotalEnergies,Emergency,Night,Failure,Sandstorm,Medium,2024-02-24,2023-11-24
W-848,North Sea,Shell,Routine,Day,Standby,Cloudy,High,2023-07-04,2023-02-23
W-849,Abu Dhabi,BP,Emergency,Day,Failure,Sandstorm,High,2023-02-04,2022-11-02
W-850,North Sea,Shell,Corrective,Day,Standby,Sandstorm,Medium,2023-07-25,2023-06-14
W-851,North Sea,Shell,Routine,Day,Standby,Cloudy,High,2024-02-05,2022-10-06
W-852,Algeria,TotalEnergies,Routine,Night,Active,Windy,High,2023-03-03,2022-12-30
W-853,Qatar,TotalEnergies,Emergency,Day,Active,Cloudy,Medium,2023-01-08,2022-10-19
W-854,Texas,TotalEnergies,Corrective,Night,Failure,Sandstorm,Critical,2023-03-25,2022-11-03
W-855,Qatar,TotalEnergies,Emergency,Night,Standby,Windy,High,2024-03-05,2023-10-05
W-856,Qatar,Chevron,Emergency,Night,Active,Sunny,Critical,2024-08-06,2023-11-22
W-857,North Sea,TotalEnergies,Emergency,Night,Failure,Cloudy,High,2024-08-12,2023-09-13
W-858,Qatar,Chevron,Routine,Day,Active,Cloudy,High,2023-10-24,2022-09-26
W-859,Abu Dhabi,Chevron,Routine,Day,Active,Windy,Medium,2024-06-05,2022-07-23
W-860,North Sea,TotalEnergies,Corrective,Day,Standby,Sunny,High,2024-03-18,2023-05-30
W-861,Abu Dhabi,ExxonMobil,Corrective,Night,Standby,Sunny,Low,2023-10-28,2022-07-05
W-862,Texas,BP,Emergency,Night,Active,Windy,Low,2023-12-10,2023-07-09
W-863,North Sea,Shell,Emergency,Night,Active,Rainy,Medium,2023-03-24,2023-01-15
W-864,Texas,Chevron,Emergency,Night,Standby,Cloudy,Critical,2024-07-16,2023-07-03
W-865,North Sea,BP,Corrective,Night,Failure,Cloudy,Critical,2023-07-31,2023-05-21
W-866,Algeria,ExxonMobil,Routine,Day,Standby,Sandstorm,Critical,2023-09-25,2023-02-09
W-867,Qatar,Shell,Routine,Night,Active,Windy,Low,2024-02-07,2022-09-29
W-868,Algeria,Shell,Emergency,Day,Failure,Sandstorm,Critical,2023-07-20,2022-12-01
W-869,Texas,Chevron,Emergency,Night,Active,Sandstorm,Critical,2023-06-02,2023-04-11
W-870,Qatar,TotalEnergies,Emergency,Night,Failure,Sunny,Medium,2024-01-14,2023-06-27
W-871,North Sea,ExxonMobil,Emergency,Day,Active,Cloudy,Critical,2023-01-15,2022-11-26
W-872,Qatar,Chevron,Corrective,Day,Failure,Sandstorm,Low,2024-03-08,2023-09-04
W-873,Abu Dhabi,ExxonMobil,Routine,Night,Failure,Sunny,Low,2023-11-05,2023-08-22
W-874,Qatar,TotalEnergies,Emergency,Night,Active,Windy,Low,2023-12-30,2022-11-19
W-875,Abu Dhabi,TotalEnergies,Corrective,Night,Failure,Sandstorm,Medium,2024-01-15,2022-07-13
W-876,Qatar,Chevron,Emergency,Night,Standby,Cloudy,Medium,2023-11-13,2022-12-25
W-877,Abu Dhabi,TotalEnergies,Emergency,Day,Active,Sandstorm,High,2023-12-16,2023-08-20
W-878,Texas,BP,Routine,Night,Standby,Windy,Critical,2024-02-15,2023-02-18
W-879,Algeria,Shell,Emergency,Day,Active,Sandstorm,Medium,2024-03-27,2023-10-04
W-880,North Sea,Chevron,Routine,Night,Failure,Cloudy,Low,2024-03-12,2023-04-26
W-881,Qatar,ExxonMobil,Routine,Day,Failure,Sunny,Low,2024-06-05,2023-12-10
W-882,Algeria,BP,Routine,Day,Failure,Cloudy,Medium,2023-04-24,2023-02-20
W-883,North Sea,Chevron,Corrective,Night,Active,Sunny,Medium,2023-08-29,2022-07-12
W-884,North Sea,TotalEnergies,Corrective,Day,Standby,Rainy,Medium,2024-07-22,2023-03-01
W-885,Abu Dhabi,TotalEnergies,Routine,Night,Standby,Cloudy,High,2023-08-26,2023-06-01
W-886,Texas,TotalEnergies,Emergency,Day,Active,Cloudy,Low,2023-03-16,2022-11-01
W-887,Texas,TotalEnergies,Routine,Night,Active,Windy,High,2023-11-12,2023-01-31
W-888,Algeria,ExxonMobil,Emergency,Day,Standby,Sandstorm,High,2023-03-07,2023-01-17
W-889,Texas,BP,Routine,Night,Standby,Sunny,Critical,2023-05-02,2022-10-15
W-890,Qatar,Shell,Emergency,Night,Standby,Sunny,Low,2024-08-21,2023-05-28
W-891,Texas,ExxonMobil,Corrective,Day,Standby,Windy,Low,2023-11-21,2023-07-24
W-892,Algeria,ExxonMobil,Emergency,Day,Active,Windy,Medium,2023-06-20,2022-07-25
W-893,Texas,Shell,Routine,Day,Active,Sandstorm,Medium,2024-08-19,2023-03-26
W-894,Qatar,Shell,Corrective,Day,Failure,Sandstorm,Critical,2024-08-02,2022-11-05
W-895,Abu Dhabi,TotalEnergies,Emergency,Night,Standby,Cloudy,High,2023-09-22,2023-08-09
W-896,Algeria,ExxonMobil,Emergency,Day,Failure,Rainy,Medium,2023-06-06,2022-09-22
W-897,Abu Dhabi,Chevron,Emergency,Night,Active,Sandstorm,Medium,2024-05-18,2023-11-18
W-898,Abu Dhabi,Shell,Emergency,Day,Active,Windy,Low,2024-03-05,2023-02-14
W-899,Abu Dhabi,Shell,Emergency,Night,Failure,Sandstorm,Low,2024-02-17,2022-09-27
W-900,North Sea,BP,Corrective,Night,Standby,Sunny,Medium,2024-06-19,2023-02-18
W-901,North Sea,Chevron,Corrective,Night,Standby,Rainy,Low,2024-02-18,2023-02-01
W-902,Abu Dhabi,Chevron,Corrective,Night,Standby,Cloudy,Critical,2023-06-20,2023-02-13
W-903,Algeria,Shell,Corrective,Day,Standby,Sunny,Medium,2024-02-21,2023-05-18
W-904,Qatar,TotalEnergies,Routine,Day,Failure,Sunny,Low,2023-07-03,2023-04-09
W-905,Qatar,BP,Corrective,Night,Failure,Rainy,Critical,2024-03-31,2022-08-29
W-906,Texas,Chevron,Emergency,Day,Active,Cloudy,Low,2024-01-07,2022-07-10
W-907,Algeria,Shell,Emergency,Day,Standby,Windy,Low,2023-02-16,2023-01-10
W-908,North Sea,Chevron,Corrective,Night,Standby,Cloudy,Low,2023-11-04,2023-05-02
W-909,Abu Dhabi,BP,Emergency,Day,Standby,Sandstorm,Medium,2023-07-25,2023-01-02
W-910,Texas,BP,Corrective,Day,Failure,Sunny,High,2023-07-17,2023-06-01
W-911,Qatar,ExxonMobil,Emergency,Day,Standby,Sandstorm,Low,2023-12-28,2023-01-19
W-912,North Sea,Shell,Routine,Night,Failure,Windy,Critical,2023-07-13,2023-04-30
W-913,North Sea,BP,Routine,Day,Standby,Sandstorm,Medium,2024-04-11,2022-12-01
W-914,Abu Dhabi,ExxonMobil,Corrective,Night,Standby,Cloudy,Medium,2023-02-12,2022-07-14
W-915,Qatar,ExxonMobil,Corrective,Day,Active,Sandstorm,Critical,2024-02-01,2023-12-12
W-916,Algeria,Chevron,Corrective,Day,Standby,Windy,Low,2024-04-30,2023-01-23
W-917,North Sea,Chevron,Emergency,Day,Standby,Windy,High,2024-02-08,2023-09-19
W-918,Abu Dhabi,ExxonMobil,Corrective,Night,Active,Windy,Low,2023-10-26,2022-11-15
W-919,Algeria,Chevron,Routine,Night,Failure,Cloudy,Critical,2024-07-24,2023-06-23
W-920,Qatar,BP,Emergency,Day,Failure,Windy,Medium,2023-06-29,2023-04-07
W-921,North Sea,TotalEnergies,Corrective,Night,Standby,Sunny,High,2023-01-12,2022-06-25
W-922,Algeria,BP,Emergency,Day,Failure,Windy,Medium,2023-09-17,2023-07-15
W-923,Algeria,ExxonMobil,Emergency,Night,Standby,Sandstorm,Critical,2023-01-20,2023-01-07
W-924,Algeria,ExxonMobil,Corrective,Night,Active,Sandstorm,Low,2024-07-26,2023-05-31
W-925,North Sea,BP,Emergency,Day,Active,Sandstorm,High,2023-05-06,2023-04-10
W-926,North Sea,Chevron,Routine,Day,Standby,Cloudy,Medium,2024-04-18,2023-11-07
W-927,Texas,Chevron,Routine,Day,Active,Sandstorm,Medium,2024-04-09,2022-06-27
W-928,Qatar,ExxonMobil,Emergency,Day,Active,Cloudy,Medium,2023-05-11,2022-11-04
W-929,Abu Dhabi,Shell,Corrective,Night,Standby,Cloudy,Low,2024-01-08,2023-11-08
W-930,Algeria,Chevron,Emergency,Night,Standby,Windy,High,2023-01-29,2023-01-10
W-931,Texas,BP,Routine,Night,Active,Sunny,Low,2023-10-18,2022-06-11
W-932,Abu Dhabi,Chevron,Emergency,Day,Failure,Windy,Low,2023-01-09,2022-11-14
W-933,Texas,BP,Emergency,Day,Failure,Windy,Low,2024-07-06,2023-04-14
W-934,North Sea,ExxonMobil,Routine,Night,Standby,Cloudy,Critical,2024-08-08,2023-01-27
W-935,Algeria,Chevron,Emergency,Day,Standby,Cloudy,Critical,2023-05-14,2022-11-26
W-936,Abu Dhabi,BP,Emergency,Night,Failure,Sandstorm,Critical,2023-05-05,2023-02-10
W-937,Abu Dhabi,ExxonMobil,Corrective,Night,Active,Sandstorm,High,2024-03-28,2022-10-03
W-938,Abu Dhabi,Shell,Corrective,Night,Failure,Windy,Low,2023-06-02,2023-05-10
W-939,Abu Dhabi,BP,Routine,Night,Failure,Rainy,Low,2024-06-21,2023-09-25
W-940,Abu Dhabi,Shell,Routine,Night,Failure,Rainy,Critical,2023-12-11,2023-02-05
W-941,Texas,Shell,Routine,Day,Failure,Sandstorm,Low,2023-07-30,2022-11-18
W-942,Algeria,TotalEnergies,Corrective,Day,Standby,Rainy,Low,2024-05-14,2022-11-18
W-943,North Sea,Chevron,Routine,Day,Standby,Sandstorm,Medium,2023-10-24,2023-03-17
W-944,North Sea,BP,Routine,Night,Active,Cloudy,Low,2024-06-30,2023-08-06
W-945,North Sea,Shell,Routine,Night,Active,Windy,Medium,2024-07-10,2023-01-02
W-946,North Sea,TotalEnergies,Corrective,Night,Active,Sunny,Low,2023-04-10,2023-02-22
W-947,Texas,ExxonMobil,Emergency,Night,Active,Windy,High,2023-01-02,2022-12-12
W-948,Qatar,BP,Routine,Day,Failure,Sandstorm,Critical,2024-08-13,2022-11-30
W-949,Algeria,Shell,Emergency,Day,Standby,Sandstorm,Medium,2024-06-27,2022-06-15
W-950,Abu Dhabi,Chevron,Routine,Night,Standby,Windy,Critical,2023-02-03,2022-06-03
W-951,Qatar,TotalEnergies,Emergency,Night,Active,Sandstorm,Medium,2024-05-14,2022-10-15
W-952,North Sea,Shell,Corrective,Night,Active,Rainy,Medium,2023-10-02,2023-01-30
W-953,Qatar,Chevron,Corrective,Day,Failure,Rainy,Medium,2023-06-05,2023-04-12
W-954,Algeria,Shell,Routine,Day,Failure,Sandstorm,High,2024-06-11,2023-09-23
W-955,Abu Dhabi,BP,Emergency,Day,Active,Sandstorm,Low,2023-04-29,2022-11-08
W-956,Abu Dhabi,BP,Corrective,Night,Standby,Rainy,Medium,2024-07-22,2022-10-25
W-957,Algeria,BP,Routine,Night,Standby,Sandstorm,High,2023-05-04,2022-10-15
W-958,Algeria,TotalEnergies,Routine,Day,Standby,Sandstorm,Medium,2024-01-04,2022-12-21
W-959,North Sea,BP,Corrective,Night,Active,Windy,Low,2023-05-14,2023-03-26
W-960,Abu Dhabi,Chevron,Corrective,Day,Standby,Sunny,Medium,2023-11-24,2023-02-19
W-961,Qatar,Shell,Routine,Night,Failure,Rainy,High,2024-02-15,2022-10-09
W-962,Texas,ExxonMobil,Emergency,Day,Failure,Windy,Low,2023-04-25,2022-08-18
W-963,Texas,Chevron,Emergency,Night,Active,Sunny,High,2023-11-09,2022-06-08
W-964,Algeria,Chevron,Emergency,Day,Failure,Sandstorm,Low,2023-10-09,2022-09-01
W-965,North Sea,BP,Routine,Day,Active,Sandstorm,Low,2023-02-12,2023-01-17
W-966,Texas,TotalEnergies,Corrective,Day,Standby,Windy,Critical,2024-05-05,2022-10-25
W-967,Abu Dhabi,Shell,Routine,Day,Standby,Sandstorm,Critical,2023-07-21,2023-03-09
W-968,Algeria,TotalEnergies,Corrective,Day,Standby,Cloudy,Critical,2023-12-11,2023-05-21
W-969,Qatar,Shell,Emergency,Day,Failure,Windy,Low,2023-11-05,2023-08-08
W-970,Algeria,Shell,Emergency,Night,Active,Sunny,Medium,2023-11-04,2023-09-21
W-971,Qatar,TotalEnergies,Corrective,Night,Standby,Windy,High,2023-03-06,2022-12-21
W-972,Algeria,Chevron,Corrective,Night,Active,Rainy,High,2023-09-12,2022-06-22
W-973,Algeria,Shell,Routine,Day,Standby,Windy,High,2023-09-29,2023-05-12
W-974,Algeria,TotalEnergies,Emergency,Day,Failure,Sandstorm,Critical,2024-03-16,2023-09-15
W-975,Qatar,Shell,Routine,Night,Failure,Sandstorm,Low,2024-05-19,2022-06-11
W-976,Qatar,ExxonMobil,Routine,Day,Active,Cloudy,Critical,2023-11-23,2023-04-26
W-977,Algeria,Chevron,Routine,Day,Failure,Cloudy,Medium,2023-02-22,2022-11-30
W-978,Texas,BP,Emergency,Day,Failure,Cloudy,Low,2023-05-23,2023-03-12
W-979,North Sea,Shell,Routine,Day,Active,Sunny,High,2023-04-09,2022-06-03
W-980,North Sea,ExxonMobil,Routine,Day,Standby,Cloudy,Critical,2023-03-16,2022-06-07
W-981,North Sea,BP,Routine,Night,Failure,Sunny,Critical,2023-08-08,2023-02-05
W-982,Qatar,BP,Routine,Night,Active,Cloudy,Medium,2023-05-18,2022-09-02
W-983,Qatar,Shell,Routine,Night,Failure,Sunny,Medium,2023-05-11,2023-03-22
W-984,Texas,TotalEnergies,Routine,Night,Failure,Windy,Critical,2023-02-02,2022-11-18
W-985,North Sea,Shell,Emergency,Night,Failure,Windy,Medium,2023-01-11,2022-09-15
W-986,North Sea,ExxonMobil,Routine,Day,Failure,Sandstorm,High,2023-03-03,2023-01-24
W-987,Algeria,BP,Corrective,Day,Active,Sunny,Medium,2023-04-14,2023-02-21
W-988,Qatar,Shell,Routine,Day,Active,Rainy,Medium,2023-09-16,2022-08-25
W-989,North Sea,TotalEnergies,Routine,Day,Active,Sandstorm,Critical,2023-11-03,2023-09-02
W-990,Texas,Shell,Emergency,Night,Failure,Windy,Critical,2023-03-26,2023-02-27
W-991,Texas,Chevron,Emergency,Night,Failure,Sunny,Low,2023-09-12,2023-06-19
W-992,North Sea,TotalEnergies,Corrective,Night,Failure,Cloudy,Low,2023-07-25,2023-06-26
W-993,Qatar,ExxonMobil,Corrective,Day,Active,Rainy,Critical,2023-04-21,2023-03-29
W-994,Texas,BP,Emergency,Night,Failure,Windy,Medium,2023-01-05,2022-11-23
W-995,Algeria,Shell,Emergency,Day,Standby,Sandstorm,Medium,2023-10-08,2023-02-16
W-996,Texas,TotalEnergies,Routine,Night,Failure,Sunny,Low,2024-02-16,2023-08-23
W-997,Abu Dhabi,Chevron,Emergency,Night,Standby,Rainy,Low,2023-05-16,2023-03-19
W-998,Abu Dhabi,TotalEnergies,Corrective,Day,Failure,Sunny,Low,2023-03-21,2023-01-17
W-999,Qatar,Chevron,Routine,Day,Active,Cloudy,High,2024-06-16,2022-08-08
W-1000,North Sea,ExxonMobil,Corrective,Night,Failure,Sandstorm,High,2023-06-15,2023-04-07
